CDR3b,match_sort,epitope,dataset,binder,predict_proba,binder_pred
WGDP,WGSPPE,DRFYKTLRA,IEDB,1,0.8047656601438081,1
ASSPPTLMQSHILT,ASSQTMRRQSRANVLT,GILGFVFTL,IEDB,1,0.9938420080824972,1
CAIKT,"CASSI, CASSK",YVLDHLIVV,IEDB,1,0.9975,1
AWRTLSA,AWRTSARAPYEQY,KLWAQCVQL,IEDB,1,0.895,1
SLCHGPGSYTF,SVGGSFCYT,YVLDHLIVV,IEDB,1,0.975,1
SVDRGNLKAQH,SVRVGNEQF,KLGGALQAK,VDJdb,1,0.8373245614035087,1
SVDRGNLKAQH,SVRVGNEQF,SLEGGGLGY,10X,0,0.1128061224489796,0
SVDRGNLKAQH,SVRVGNEQF,STEGGGLAY,10X,0,0.0825,0
SVDRGNLKAQH,SVRVGNEQF,VTEHDTLLY,10X,0,0.1405898876404494,0
SVDRGNLKAQH,SVRVGNEQF,ALIAPVHAV,10X,0,0.105,0
SVDRGNLKAQH,SVRVGNEQF,CLGGLLTMV,10X,0,0.1610714285714286,0
SVDRGNLKAQH,SVRVGNEQF,CLLGTYTQDV,10X,0,0.075,0
SVDRGNLKAQH,SVRVGNEQF,CLLWSFQTSA,10X,0,0.06,0
SVDRGNLKAQH,SVRVGNEQF,ELAGIGILTV,10X,0,0.6342638888888888,1
SVDRGNLKAQH,SVRVGNEQF,FLASKIGRLV,10X,0,0.0725,0
SVDRGNLKAQH,SVRVGNEQF,FLYALALLL,10X,0,0.0975,0
SVDRGNLKAQH,SVRVGNEQF,GILGFVFTL,10X,0,0.6642777973258269,1
SVDRGNLKAQH,SVRVGNEQF,GLCTLVAML,10X,0,0.8123611111111111,1
SVDRGNLKAQH,SVRVGNEQF,ILKEPVHGV,10X,0,0.055,0
SVDRGNLKAQH,SVRVGNEQF,IMDQVPFSV,10X,0,0.105,0
SVDRGNLKAQH,SVRVGNEQF,KLQCVDLHV,10X,0,0.1031465517241379,0
SVDRGNLKAQH,SVRVGNEQF,KTWGQYWQV,10X,0,0.0985648148148148,0
SVDRGNLKAQH,SVRVGNEQF,KVAELVHFL,10X,0,0.07,0
SVDRGNLKAQH,SVRVGNEQF,KVLEYVIKV,10X,0,0.0925,0
SVDRGNLKAQH,SVRVGNEQF,LLDFVRFMGV,10X,0,0.0975,0
SVDRGNLKAQH,SVRVGNEQF,LLFGYPVYV,10X,0,0.245,0
SVDRGNLKAQH,SVRVGNEQF,LLMGTLGIVC,10X,0,0.12,0
SVDRGNLKAQH,SVRVGNEQF,MLDLQPETT,10X,0,0.104161316211878,0
SVDRGNLKAQH,SVRVGNEQF,NLVPMVATV,10X,0,0.8486565934065935,1
SVDRGNLKAQH,SVRVGNEQF,RMFPNAPYL,10X,0,0.0575,0
SVDRGNLKAQH,SVRVGNEQF,RTLNAWVKV,10X,0,0.0625,0
SVDRGNLKAQH,SVRVGNEQF,SLFNTVATL,10X,0,0.085,0
SVDRGNLKAQH,SVRVGNEQF,SLFNTVATLY,10X,0,0.055,0
SVDRGNLKAQH,SVRVGNEQF,SLLMWITQV,10X,0,0.1803061224489796,0
SVDRGNLKAQH,SVRVGNEQF,SLYNTVATLY,10X,0,0.06775,0
SVDRGNLKAQH,SVRVGNEQF,YLLEMLWRL,10X,0,0.1125,0
SVDRGNLKAQH,SVRVGNEQF,YLNDHLEPWI,10X,0,0.13,0
SVDRGNLKAQH,SVRVGNEQF,RIAAWMATY,10X,0,0.0728061224489795,0
SVDRGNLKAQH,SVRVGNEQF,RLRAEAQVK,10X,0,0.2060714285714285,0
SVDRGNLKAQH,SVRVGNEQF,AVFDRKSDAK,10X,0,0.5091666666666667,1
SVDRGNLKAQH,SVRVGNEQF,IVTDFSVIK,10X,0,0.205,0
SVDRGNLKAQH,SVRVGNEQF,AYAQKIFKI,10X,0,0.0725,0
SVDRGNLKAQH,SVRVGNEQF,AYSSAGASI,10X,0,0.09,0
SVDRGNLKAQH,SVRVGNEQF,CYTWNQMNL,10X,0,0.055,0
SVDRGNLKAQH,SVRVGNEQF,QYDPVAALF,10X,0,0.075,0
SVDRGNLKAQH,SVRVGNEQF,GPAESAAGL,10X,0,0.0625,0
SVDRGNLKAQH,SVRVGNEQF,QPRAPIRPI,10X,0,0.0725,0
SVDRGNLKAQH,SVRVGNEQF,RPHERNGFTVL,10X,0,0.08,0
SVDRGNLKAQH,SVRVGNEQF,RPPIFIRRL,10X,0,0.1,0
SVDRGNLKAQH,SVRVGNEQF,TPRVTGGGAM,10X,0,0.6260795454545455,1
SVDRGNLKAQH,SVRVGNEQF,AAKGRGAAL,10X,0,0.11,0
SVDRGNLKAQH,SVRVGNEQF,ELRRKMMYM,10X,0,0.0475,0
SVDRGNLKAQH,SVRVGNEQF,FLRGRAYGL,10X,0,0.1088709372637944,0
SVDRGNLKAQH,SVRVGNEQF,RAKFKQLL,10X,0,0.3500595846101464,0
SVDRGNLKAQH,SVRVGNEQF,IPSINVHHY,10X,0,0.065,0
ATGQAEVEWH,"ATGQAQETQY, ATGQGAAEQY",SLEGGGLGY,10X,0,0.0375,0
ATGQAEVEWH,"ATGQAQETQY, ATGQGAAEQY",STEGGGLAY,10X,0,0.045,0
ATGQAEVEWH,"ATGQAQETQY, ATGQGAAEQY",VTEHDTLLY,10X,0,0.1228409090909091,0
ATGQAEVEWH,"ATGQAQETQY, ATGQGAAEQY",ALIAPVHAV,10X,0,0.0775,0
ATGQAEVEWH,"ATGQAQETQY, ATGQGAAEQY",CLGGLLTMV,10X,0,0.075625,0
ATGQAEVEWH,"ATGQAQETQY, ATGQGAAEQY",CLLGTYTQDV,10X,0,0.05,0
ATGQAEVEWH,"ATGQAQETQY, ATGQGAAEQY",CLLWSFQTSA,10X,0,0.075,0
ATGQAEVEWH,"ATGQAQETQY, ATGQGAAEQY",ELAGIGILTV,10X,0,0.5126345238095238,1
ATGQAEVEWH,"ATGQAQETQY, ATGQGAAEQY",FLASKIGRLV,10X,0,0.0902222222222222,0
ATGQAEVEWH,"ATGQAQETQY, ATGQGAAEQY",FLYALALLL,10X,0,0.0927222222222222,0
ATGQAEVEWH,"ATGQAQETQY, ATGQGAAEQY",GILGFVFTL,10X,0,0.5876125478927203,1
ATGQAEVEWH,"ATGQAQETQY, ATGQGAAEQY",GLCTLVAML,10X,0,0.6446453236918133,1
ATGQAEVEWH,"ATGQAQETQY, ATGQGAAEQY",ILKEPVHGV,10X,0,0.06,0
ATGQAEVEWH,"ATGQAQETQY, ATGQGAAEQY",IMDQVPFSV,10X,0,0.1157,0
ATGQAEVEWH,"ATGQAQETQY, ATGQGAAEQY",KLQCVDLHV,10X,0,0.0625,0
ATGQAEVEWH,"ATGQAQETQY, ATGQGAAEQY",KTWGQYWQV,10X,0,0.08,0
ATGQAEVEWH,"ATGQAQETQY, ATGQGAAEQY",KVAELVHFL,10X,0,0.0775,0
ATGQAEVEWH,"ATGQAQETQY, ATGQGAAEQY",KVLEYVIKV,10X,0,0.1125,0
ATGQAEVEWH,"ATGQAQETQY, ATGQGAAEQY",LLDFVRFMGV,10X,0,0.0475,0
ATGQAEVEWH,"ATGQAQETQY, ATGQGAAEQY",LLFGYPVYV,10X,0,0.1418253968253968,0
ATGQAEVEWH,"ATGQAQETQY, ATGQGAAEQY",LLMGTLGIVC,10X,0,0.0575,0
ATGQAEVEWH,"ATGQAQETQY, ATGQGAAEQY",MLDLQPETT,10X,0,0.0725641025641025,0
ATGQAEVEWH,"ATGQAQETQY, ATGQGAAEQY",NLVPMVATV,10X,0,0.6972071817078977,1
ATGQAEVEWH,"ATGQAQETQY, ATGQGAAEQY",RMFPNAPYL,10X,0,0.155,0
ATGQAEVEWH,"ATGQAQETQY, ATGQGAAEQY",RTLNAWVKV,10X,0,0.0625,0
ATGQAEVEWH,"ATGQAQETQY, ATGQGAAEQY",SLFNTVATL,10X,0,0.0704464285714285,0
ATGQAEVEWH,"ATGQAQETQY, ATGQGAAEQY",SLFNTVATLY,10X,0,0.0375,0
ATGQAEVEWH,"ATGQAQETQY, ATGQGAAEQY",SLLMWITQV,10X,0,0.0625,0
ATGQAEVEWH,"ATGQAQETQY, ATGQGAAEQY",SLYNTVATLY,10X,0,0.065,0
ATGQAEVEWH,"ATGQAQETQY, ATGQGAAEQY",YLLEMLWRL,10X,0,0.0876041666666666,0
ATGQAEVEWH,"ATGQAQETQY, ATGQGAAEQY",YLNDHLEPWI,10X,0,0.1,0
ATGQAEVEWH,"ATGQAQETQY, ATGQGAAEQY",KLGGALQAK,10X,0,0.8912283857537616,1
ATGQAEVEWH,"ATGQAQETQY, ATGQGAAEQY",RIAAWMATY,10X,0,0.06,0
ATGQAEVEWH,"ATGQAQETQY, ATGQGAAEQY",RLRAEAQVK,10X,0,0.1,0
ATGQAEVEWH,"ATGQAQETQY, ATGQGAAEQY",AVFDRKSDAK,10X,0,0.3010661764705882,0
ATGQAEVEWH,"ATGQAQETQY, ATGQGAAEQY",IVTDFSVIK,10X,0,0.2682817643186306,0
ATGQAEVEWH,"ATGQAQETQY, ATGQGAAEQY",AYAQKIFKI,10X,0,0.0619444444444444,0
ATGQAEVEWH,"ATGQAQETQY, ATGQGAAEQY",AYSSAGASI,10X,0,0.075,0
ATGQAEVEWH,"ATGQAQETQY, ATGQGAAEQY",CYTWNQMNL,10X,0,0.060625,0
ATGQAEVEWH,"ATGQAQETQY, ATGQGAAEQY",QYDPVAALF,10X,0,0.12,0
ATGQAEVEWH,"ATGQAQETQY, ATGQGAAEQY",GPAESAAGL,10X,0,0.0827314814814814,0
ATGQAEVEWH,"ATGQAQETQY, ATGQGAAEQY",QPRAPIRPI,10X,0,0.055,0
ATGQAEVEWH,"ATGQAQETQY, ATGQGAAEQY",RPHERNGFTVL,10X,0,0.15,0
ATGQAEVEWH,"ATGQAQETQY, ATGQGAAEQY",RPPIFIRRL,10X,0,0.0877272727272727,0
ATGQAEVEWH,"ATGQAQETQY, ATGQGAAEQY",TPRVTGGGAM,10X,0,0.5508922101449275,1
ATGQAEVEWH,"ATGQAQETQY, ATGQGAAEQY",AAKGRGAAL,10X,0,0.06,0
ATGQAEVEWH,"ATGQAQETQY, ATGQGAAEQY",ELRRKMMYM,10X,0,0.055,0
ATGQAEVEWH,"ATGQAQETQY, ATGQGAAEQY",FLRGRAYGL,10X,0,0.0860787037037037,0
ATGQAEVEWH,"ATGQAQETQY, ATGQGAAEQY",RAKFKQLL,10X,0,0.4677576754385965,0
ATGQAEVEWH,"ATGQAQETQY, ATGQGAAEQY",IPSINVHHY,10X,0,0.0903378378378378,0
SAFPKGTHT,SARFPPGNTIY,KLGGALQAK,VDJdb,1,0.8962336473050759,1
SAFPKGTHT,SARFPPGNTIY,SLEGGGLGY,10X,0,0.0425,0
SAFPKGTHT,SARFPPGNTIY,STEGGGLAY,10X,0,0.04,0
SAFPKGTHT,SARFPPGNTIY,VTEHDTLLY,10X,0,0.0730898876404494,0
SAFPKGTHT,SARFPPGNTIY,ALIAPVHAV,10X,0,0.06,0
SAFPKGTHT,SARFPPGNTIY,CLGGLLTMV,10X,0,0.2051363636363636,0
SAFPKGTHT,SARFPPGNTIY,CLLGTYTQDV,10X,0,0.0625,0
SAFPKGTHT,SARFPPGNTIY,CLLWSFQTSA,10X,0,0.05,0
SAFPKGTHT,SARFPPGNTIY,ELAGIGILTV,10X,0,0.5941718426501035,1
SAFPKGTHT,SARFPPGNTIY,FLASKIGRLV,10X,0,0.0575,0
SAFPKGTHT,SARFPPGNTIY,FLYALALLL,10X,0,0.0678333333333333,0
SAFPKGTHT,SARFPPGNTIY,GILGFVFTL,10X,0,0.7400155424238661,1
SAFPKGTHT,SARFPPGNTIY,GLCTLVAML,10X,0,0.6961388888888888,1
SAFPKGTHT,SARFPPGNTIY,ILKEPVHGV,10X,0,0.0325,0
SAFPKGTHT,SARFPPGNTIY,IMDQVPFSV,10X,0,0.0626999999999999,0
SAFPKGTHT,SARFPPGNTIY,KLQCVDLHV,10X,0,0.0562587966220971,0
SAFPKGTHT,SARFPPGNTIY,KTWGQYWQV,10X,0,0.05,0
SAFPKGTHT,SARFPPGNTIY,KVAELVHFL,10X,0,0.04,0
SAFPKGTHT,SARFPPGNTIY,KVLEYVIKV,10X,0,0.0625,0
SAFPKGTHT,SARFPPGNTIY,LLDFVRFMGV,10X,0,0.0425,0
SAFPKGTHT,SARFPPGNTIY,LLFGYPVYV,10X,0,0.1379744525547445,0
SAFPKGTHT,SARFPPGNTIY,LLMGTLGIVC,10X,0,0.0551363636363636,0
SAFPKGTHT,SARFPPGNTIY,MLDLQPETT,10X,0,0.0880898876404494,0
SAFPKGTHT,SARFPPGNTIY,NLVPMVATV,10X,0,0.768617232641849,1
SAFPKGTHT,SARFPPGNTIY,RMFPNAPYL,10X,0,0.0325,0
SAFPKGTHT,SARFPPGNTIY,RTLNAWVKV,10X,0,0.04,0
SAFPKGTHT,SARFPPGNTIY,SLFNTVATL,10X,0,0.0500961538461538,0
SAFPKGTHT,SARFPPGNTIY,SLFNTVATLY,10X,0,0.0375961538461538,0
SAFPKGTHT,SARFPPGNTIY,SLLMWITQV,10X,0,0.0535,0
SAFPKGTHT,SARFPPGNTIY,SLYNTVATLY,10X,0,0.0275,0
SAFPKGTHT,SARFPPGNTIY,YLLEMLWRL,10X,0,0.055,0
SAFPKGTHT,SARFPPGNTIY,YLNDHLEPWI,10X,0,0.0959375,0
SAFPKGTHT,SARFPPGNTIY,RIAAWMATY,10X,0,0.035,0
SAFPKGTHT,SARFPPGNTIY,RLRAEAQVK,10X,0,0.0675,0
SAFPKGTHT,SARFPPGNTIY,AVFDRKSDAK,10X,0,0.571234827264239,1
SAFPKGTHT,SARFPPGNTIY,IVTDFSVIK,10X,0,0.2563333333333333,0
SAFPKGTHT,SARFPPGNTIY,AYAQKIFKI,10X,0,0.05,0
SAFPKGTHT,SARFPPGNTIY,AYSSAGASI,10X,0,0.0425,0
SAFPKGTHT,SARFPPGNTIY,CYTWNQMNL,10X,0,0.0475,0
SAFPKGTHT,SARFPPGNTIY,QYDPVAALF,10X,0,0.0403256578947368,0
SAFPKGTHT,SARFPPGNTIY,GPAESAAGL,10X,0,0.0425,0
SAFPKGTHT,SARFPPGNTIY,QPRAPIRPI,10X,0,0.035,0
SAFPKGTHT,SARFPPGNTIY,RPHERNGFTVL,10X,0,0.1907587412587412,0
SAFPKGTHT,SARFPPGNTIY,RPPIFIRRL,10X,0,0.045,0
SAFPKGTHT,SARFPPGNTIY,TPRVTGGGAM,10X,0,0.5131803857906799,1
SAFPKGTHT,SARFPPGNTIY,AAKGRGAAL,10X,0,0.065,0
SAFPKGTHT,SARFPPGNTIY,ELRRKMMYM,10X,0,0.0425,0
SAFPKGTHT,SARFPPGNTIY,FLRGRAYGL,10X,0,0.0904744525547445,0
SAFPKGTHT,SARFPPGNTIY,RAKFKQLL,10X,0,0.2978335692039839,0
SAFPKGTHT,SARFPPGNTIY,IPSINVHHY,10X,0,0.0475,0
ASSNRALFNWGRALH,ASSQERAGLWNSPLH,RQLLFVVEV,IEDB,1,0.8925,1
APMWAPLH,"ASTPGTGASPLH, ASSLGRGWAPLH, ASSPAGPGSPLH",NLVPMVATV,VDJdb,1,0.7558639685368866,1
ASRYSVRRYT,"SASNRGYGYT, SASRDMYGYT",EAAGIGILTV,McPAS,1,0.6248567927170868,1
SVEFSSGGVI,SVEGSGGTQY,KLGGALQAK,10X,1,0.7675,1
SVEFSSGGVI,SVEGSGGTQY,SLEGGGLGY,10X,0,0.0675,0
SVEFSSGGVI,SVEGSGGTQY,STEGGGLAY,10X,0,0.0425,0
SVEFSSGGVI,SVEGSGGTQY,VTEHDTLLY,10X,0,0.1280765993265993,0
SVEFSSGGVI,SVEGSGGTQY,ALIAPVHAV,10X,0,0.0875,0
SVEFSSGGVI,SVEGSGGTQY,CLGGLLTMV,10X,0,0.1425,0
SVEFSSGGVI,SVEGSGGTQY,CLLGTYTQDV,10X,0,0.045,0
SVEFSSGGVI,SVEGSGGTQY,CLLWSFQTSA,10X,0,0.0775,0
SVEFSSGGVI,SVEGSGGTQY,ELAGIGILTV,10X,0,0.6099928160919541,1
SVEFSSGGVI,SVEGSGGTQY,FLASKIGRLV,10X,0,0.0877232142857143,0
SVEFSSGGVI,SVEGSGGTQY,FLYALALLL,10X,0,0.1353333333333333,0
SVEFSSGGVI,SVEGSGGTQY,GILGFVFTL,10X,0,0.5604189935064935,1
SVEFSSGGVI,SVEGSGGTQY,GLCTLVAML,10X,0,0.8872840601757944,1
SVEFSSGGVI,SVEGSGGTQY,ILKEPVHGV,10X,0,0.08,0
SVEFSSGGVI,SVEGSGGTQY,IMDQVPFSV,10X,0,0.1075,0
SVEFSSGGVI,SVEGSGGTQY,KLQCVDLHV,10X,0,0.0787587966220971,0
SVEFSSGGVI,SVEGSGGTQY,KTWGQYWQV,10X,0,0.065,0
SVEFSSGGVI,SVEGSGGTQY,KVAELVHFL,10X,0,0.0775,0
SVEFSSGGVI,SVEGSGGTQY,KVLEYVIKV,10X,0,0.0925,0
SVEFSSGGVI,SVEGSGGTQY,LLDFVRFMGV,10X,0,0.05,0
SVEFSSGGVI,SVEGSGGTQY,LLFGYPVYV,10X,0,0.0875,0
SVEFSSGGVI,SVEGSGGTQY,LLMGTLGIVC,10X,0,0.06,0
SVEFSSGGVI,SVEGSGGTQY,MLDLQPETT,10X,0,0.05,0
SVEFSSGGVI,SVEGSGGTQY,NLVPMVATV,10X,0,0.7651939484126983,1
SVEFSSGGVI,SVEGSGGTQY,RMFPNAPYL,10X,0,0.0525,0
SVEFSSGGVI,SVEGSGGTQY,RTLNAWVKV,10X,0,0.035,0
SVEFSSGGVI,SVEGSGGTQY,SLFNTVATL,10X,0,0.1005,0
SVEFSSGGVI,SVEGSGGTQY,SLFNTVATLY,10X,0,0.0725,0
SVEFSSGGVI,SVEGSGGTQY,SLLMWITQV,10X,0,0.1527232142857142,0
SVEFSSGGVI,SVEGSGGTQY,SLYNTVATLY,10X,0,0.095,0
SVEFSSGGVI,SVEGSGGTQY,YLLEMLWRL,10X,0,0.0725,0
SVEFSSGGVI,SVEGSGGTQY,YLNDHLEPWI,10X,0,0.0975,0
SVEFSSGGVI,SVEGSGGTQY,RIAAWMATY,10X,0,0.0525,0
SVEFSSGGVI,SVEGSGGTQY,RLRAEAQVK,10X,0,0.2075,0
SVEFSSGGVI,SVEGSGGTQY,AVFDRKSDAK,10X,0,0.54,1
SVEFSSGGVI,SVEGSGGTQY,IVTDFSVIK,10X,0,0.2054591836734693,0
SVEFSSGGVI,SVEGSGGTQY,AYAQKIFKI,10X,0,0.06,0
SVEFSSGGVI,SVEGSGGTQY,AYSSAGASI,10X,0,0.07,0
SVEFSSGGVI,SVEGSGGTQY,CYTWNQMNL,10X,0,0.0525,0
SVEFSSGGVI,SVEGSGGTQY,QYDPVAALF,10X,0,0.0825,0
SVEFSSGGVI,SVEGSGGTQY,GPAESAAGL,10X,0,0.0825,0
SVEFSSGGVI,SVEGSGGTQY,QPRAPIRPI,10X,0,0.0425,0
SVEFSSGGVI,SVEGSGGTQY,RPHERNGFTVL,10X,0,0.145,0
SVEFSSGGVI,SVEGSGGTQY,RPPIFIRRL,10X,0,0.07,0
SVEFSSGGVI,SVEGSGGTQY,TPRVTGGGAM,10X,0,0.4917857142857143,0
SVEFSSGGVI,SVEGSGGTQY,AAKGRGAAL,10X,0,0.07,0
SVEFSSGGVI,SVEGSGGTQY,ELRRKMMYM,10X,0,0.065,0
SVEFSSGGVI,SVEGSGGTQY,FLRGRAYGL,10X,0,0.1125,0
SVEFSSGGVI,SVEGSGGTQY,RAKFKQLL,10X,0,0.4458014025448236,0
SVEFSSGGVI,SVEGSGGTQY,IPSINVHHY,10X,0,0.07,0
SVEPLWSPEA,SVPGLLNTEA,YSEHPTFTSQY,McPAS,1,0.9225,1
ASIQALLT,"ASSSIQGAAGEL, ASSQQSRANVLT",NLVPMVATV,IEDB,1,0.7102624382895693,1
ASGSGLLWKHHI,ASSPGLEL,GILGFVFTL,IEDB,1,0.8033892427938918,1
ASAILGIRIAG,"ASSLGAGEL, ASIGAGELF",GILGFVFTL,IEDB,1,0.6458788322185061,1
CSAN,CSARDV,YVLDHLIVV,IEDB,1,0.9925,1
CSVDGEV,SVDTGESGVGEQF,SEPVLKGVKL,IEDB,1,0.945,1
DATAS,DGTGS,KLTPLCVTL,IEDB,1,0.8216666666666668,1
DATAS,DGTGS,KLVANNTRL,IEDB,1,0.7275,1
DGAAS,DGTGS,KLTPLCVTL,IEDB,1,0.8091666666666667,1
DGAAS,DGTGS,KLVANNTRL,IEDB,1,0.7275,1
DGTAS,SGGTA,KLVANNTRL,IEDB,1,0.74,1
DGTAS,SGGTA,KLTPLCVTL,IEDB,1,0.8066666666666668,1
SET,STGETQY,DRFYKTLRA,IEDB,1,0.789497803000951,1
FSGGG,SGGTA,DRFYKTLRA,IEDB,1,0.8154725504756984,1
FTLHF,SPLHF,YVLDHLIVV,IEDB,1,0.995,1
KRSQGQGH,VPSKGRSNQPQH,ERYLKDQQL,IEDB,1,0.7729347826086956,1
LGDA,"LVQGRA, TQLGAS",DRFYKTLRA,IEDB,1,0.7947656601438081,1
LGSS,TQLGAS,DRFYKTLRA,IEDB,1,0.8202542965074445,1
LPRYF,"PEQYF, WHRYF",YVLDHLIVV,IEDB,1,0.995,1
MKNCFF,SALAPGALMKNCFF,GLCTLVAML,IEDB,1,0.7899918042995614,1
PVNLQGLF,SVGLQGTNEKLF,YVLDHLIVV,IEDB,1,0.9925,1
QPQHF,SPLHF,YVLDHLIVV,IEDB,1,0.99,1
QQPRPGTSGGKY,RDPGGGYT,YVLDHLIVV,IEDB,1,0.9775,1
RGAPGPQ,"SARDGLAGPYEQY, SARKGQGAGQPQH, SAREGGAGNQPQH",GILGFVFTL,IEDB,1,0.7512222258468606,1
APRQGR,ASSLNPRQGRDEQF,ERYLKDQQL,IEDB,1,0.7825,1
SACLNLCH,"SALRDNYNSPLH, SALNRGDDSPLH",NLVPMVATV,VDJdb,1,0.8146219545056256,1
AGSEVN,"CASN, ASSN",YVLDHLIVV,IEDB,1,0.9875,1
VSLQG,YVQGR,ERYLKDQQL,IEDB,1,0.817421875,1
AIKDGALSN,"AISDGPALAQY, AISDSGANVLT",SLEGGGLGY,10X,0,0.055,0
AIKDGALSN,"AISDGPALAQY, AISDSGANVLT",STEGGGLAY,10X,0,0.0525,0
AIKDGALSN,"AISDGPALAQY, AISDSGANVLT",VTEHDTLLY,10X,0,0.2061232517482517,0
AIKDGALSN,"AISDGPALAQY, AISDSGANVLT",ALIAPVHAV,10X,0,0.0375,0
AIKDGALSN,"AISDGPALAQY, AISDSGANVLT",CLGGLLTMV,10X,0,0.06,0
AIKDGALSN,"AISDGPALAQY, AISDSGANVLT",CLLGTYTQDV,10X,0,0.03,0
AIKDGALSN,"AISDGPALAQY, AISDSGANVLT",CLLWSFQTSA,10X,0,0.0325,0
AIKDGALSN,"AISDGPALAQY, AISDSGANVLT",ELAGIGILTV,10X,0,0.4317349019194057,0
AIKDGALSN,"AISDGPALAQY, AISDSGANVLT",FLASKIGRLV,10X,0,0.0852232142857142,0
AIKDGALSN,"AISDGPALAQY, AISDSGANVLT",FLYALALLL,10X,0,0.0654166666666666,0
AIKDGALSN,"AISDGPALAQY, AISDSGANVLT",GILGFVFTL,10X,0,0.5579047866547866,1
AIKDGALSN,"AISDGPALAQY, AISDSGANVLT",GLCTLVAML,10X,0,0.6073389991728702,1
AIKDGALSN,"AISDGPALAQY, AISDSGANVLT",ILKEPVHGV,10X,0,0.055,0
AIKDGALSN,"AISDGPALAQY, AISDSGANVLT",IMDQVPFSV,10X,0,0.0875,0
AIKDGALSN,"AISDGPALAQY, AISDSGANVLT",KLQCVDLHV,10X,0,0.0575,0
AIKDGALSN,"AISDGPALAQY, AISDSGANVLT",KTWGQYWQV,10X,0,0.0425,0
AIKDGALSN,"AISDGPALAQY, AISDSGANVLT",KVAELVHFL,10X,0,0.0875,0
AIKDGALSN,"AISDGPALAQY, AISDSGANVLT",KVLEYVIKV,10X,0,0.03,0
AIKDGALSN,"AISDGPALAQY, AISDSGANVLT",LLDFVRFMGV,10X,0,0.035,0
AIKDGALSN,"AISDGPALAQY, AISDSGANVLT",LLFGYPVYV,10X,0,0.1229744525547445,0
AIKDGALSN,"AISDGPALAQY, AISDSGANVLT",LLMGTLGIVC,10X,0,0.0425,0
AIKDGALSN,"AISDGPALAQY, AISDSGANVLT",MLDLQPETT,10X,0,0.1000641025641025,0
AIKDGALSN,"AISDGPALAQY, AISDSGANVLT",NLVPMVATV,10X,0,0.7019909444987473,1
AIKDGALSN,"AISDGPALAQY, AISDSGANVLT",RMFPNAPYL,10X,0,0.1102777777777777,0
AIKDGALSN,"AISDGPALAQY, AISDSGANVLT",RTLNAWVKV,10X,0,0.045,0
AIKDGALSN,"AISDGPALAQY, AISDSGANVLT",SLFNTVATL,10X,0,0.0577772411852963,0
AIKDGALSN,"AISDGPALAQY, AISDSGANVLT",SLFNTVATLY,10X,0,0.0301028225806451,0
AIKDGALSN,"AISDGPALAQY, AISDSGANVLT",SLLMWITQV,10X,0,0.0752232142857142,0
AIKDGALSN,"AISDGPALAQY, AISDSGANVLT",SLYNTVATLY,10X,0,0.0400403225806451,0
AIKDGALSN,"AISDGPALAQY, AISDSGANVLT",YLLEMLWRL,10X,0,0.0625,0
AIKDGALSN,"AISDGPALAQY, AISDSGANVLT",YLNDHLEPWI,10X,0,0.08,0
AIKDGALSN,"AISDGPALAQY, AISDSGANVLT",KLGGALQAK,10X,0,0.8733613921957672,1
AIKDGALSN,"AISDGPALAQY, AISDSGANVLT",RIAAWMATY,10X,0,0.0583333333333333,0
AIKDGALSN,"AISDGPALAQY, AISDSGANVLT",RLRAEAQVK,10X,0,0.105,0
AIKDGALSN,"AISDGPALAQY, AISDSGANVLT",AVFDRKSDAK,10X,0,0.5204503187988482,1
AIKDGALSN,"AISDGPALAQY, AISDSGANVLT",IVTDFSVIK,10X,0,0.3204591836734694,0
AIKDGALSN,"AISDGPALAQY, AISDSGANVLT",AYAQKIFKI,10X,0,0.0625,0
AIKDGALSN,"AISDGPALAQY, AISDSGANVLT",AYSSAGASI,10X,0,0.045,0
AIKDGALSN,"AISDGPALAQY, AISDSGANVLT",CYTWNQMNL,10X,0,0.0425,0
AIKDGALSN,"AISDGPALAQY, AISDSGANVLT",QYDPVAALF,10X,0,0.0755529306220095,0
AIKDGALSN,"AISDGPALAQY, AISDSGANVLT",GPAESAAGL,10X,0,0.075,0
AIKDGALSN,"AISDGPALAQY, AISDSGANVLT",QPRAPIRPI,10X,0,0.0475,0
AIKDGALSN,"AISDGPALAQY, AISDSGANVLT",RPHERNGFTVL,10X,0,0.1675,0
AIKDGALSN,"AISDGPALAQY, AISDSGANVLT",RPPIFIRRL,10X,0,0.1027272727272727,0
AIKDGALSN,"AISDGPALAQY, AISDSGANVLT",TPRVTGGGAM,10X,0,0.5325,1
AIKDGALSN,"AISDGPALAQY, AISDSGANVLT",AAKGRGAAL,10X,0,0.08,0
AIKDGALSN,"AISDGPALAQY, AISDSGANVLT",ELRRKMMYM,10X,0,0.05,0
AIKDGALSN,"AISDGPALAQY, AISDSGANVLT",FLRGRAYGL,10X,0,0.0713311598718177,0
AIKDGALSN,"AISDGPALAQY, AISDSGANVLT",RAKFKQLL,10X,0,0.3472762445887445,0
AIKDGALSN,"AISDGPALAQY, AISDSGANVLT",IPSINVHHY,10X,0,0.0453378378378378,0
AIREDSVFF,"ASSISERESPF, SAREDSYNEQF",VLFGLGFAI,IEDB,1,0.8375,1
AIREDSVFF,"ASSISERESPF, SAREDSYNEQF",GILGFVFTL,McPAS,1,0.6158306277056277,1
AIILEGVRF,ASSILEGTEAF,SLEGGGLGY,10X,0,0.0425,0
AIILEGVRF,ASSILEGTEAF,STEGGGLAY,10X,0,0.0375,0
AIILEGVRF,ASSILEGTEAF,VTEHDTLLY,10X,0,0.1353409090909091,0
AIILEGVRF,ASSILEGTEAF,ALIAPVHAV,10X,0,0.065,0
AIILEGVRF,ASSILEGTEAF,CLGGLLTMV,10X,0,0.0412233201581027,0
AIILEGVRF,ASSILEGTEAF,CLLGTYTQDV,10X,0,0.03,0
AIILEGVRF,ASSILEGTEAF,CLLWSFQTSA,10X,0,0.0575,0
AIILEGVRF,ASSILEGTEAF,ELAGIGILTV,10X,0,0.4695862689941638,0
AIILEGVRF,ASSILEGTEAF,FLASKIGRLV,10X,0,0.095,0
AIILEGVRF,ASSILEGTEAF,FLYALALLL,10X,0,0.0853333333333333,0
AIILEGVRF,ASSILEGTEAF,GILGFVFTL,10X,0,0.5907994505494505,1
AIILEGVRF,ASSILEGTEAF,GLCTLVAML,10X,0,0.6672606901725432,1
AIILEGVRF,ASSILEGTEAF,ILKEPVHGV,10X,0,0.0625,0
AIILEGVRF,ASSILEGTEAF,IMDQVPFSV,10X,0,0.1051146788990825,0
AIILEGVRF,ASSILEGTEAF,KLQCVDLHV,10X,0,0.0838734755211796,0
AIILEGVRF,ASSILEGTEAF,KTWGQYWQV,10X,0,0.05,0
AIILEGVRF,ASSILEGTEAF,KVAELVHFL,10X,0,0.0575,0
AIILEGVRF,ASSILEGTEAF,KVLEYVIKV,10X,0,0.07,0
AIILEGVRF,ASSILEGTEAF,LLDFVRFMGV,10X,0,0.0525,0
AIILEGVRF,ASSILEGTEAF,LLFGYPVYV,10X,0,0.0954744525547445,0
AIILEGVRF,ASSILEGTEAF,LLMGTLGIVC,10X,0,0.0451363636363636,0
AIILEGVRF,ASSILEGTEAF,MLDLQPETT,10X,0,0.1276787814631851,0
AIILEGVRF,ASSILEGTEAF,NLVPMVATV,10X,0,0.6301006196503759,1
AIILEGVRF,ASSILEGTEAF,RMFPNAPYL,10X,0,0.0827777777777777,0
AIILEGVRF,ASSILEGTEAF,RTLNAWVKV,10X,0,0.0325,0
AIILEGVRF,ASSILEGTEAF,SLFNTVATL,10X,0,0.1055961538461538,0
AIILEGVRF,ASSILEGTEAF,SLFNTVATLY,10X,0,0.0650961538461538,0
AIILEGVRF,ASSILEGTEAF,SLLMWITQV,10X,0,0.0575,0
AIILEGVRF,ASSILEGTEAF,SLYNTVATLY,10X,0,0.0775,0
AIILEGVRF,ASSILEGTEAF,YLLEMLWRL,10X,0,0.06,0
AIILEGVRF,ASSILEGTEAF,YLNDHLEPWI,10X,0,0.0459375,0
AIILEGVRF,ASSILEGTEAF,KLGGALQAK,10X,0,0.8426019219156448,1
AIILEGVRF,ASSILEGTEAF,RIAAWMATY,10X,0,0.09,0
AIILEGVRF,ASSILEGTEAF,RLRAEAQVK,10X,0,0.175,0
AIILEGVRF,ASSILEGTEAF,AVFDRKSDAK,10X,0,0.5537706636500754,1
AIILEGVRF,ASSILEGTEAF,IVTDFSVIK,10X,0,0.2656077694235589,0
AIILEGVRF,ASSILEGTEAF,AYAQKIFKI,10X,0,0.045,0
AIILEGVRF,ASSILEGTEAF,AYSSAGASI,10X,0,0.0425,0
AIILEGVRF,ASSILEGTEAF,CYTWNQMNL,10X,0,0.0485869565217391,0
AIILEGVRF,ASSILEGTEAF,QYDPVAALF,10X,0,0.0702631578947368,0
AIILEGVRF,ASSILEGTEAF,GPAESAAGL,10X,0,0.09,0
AIILEGVRF,ASSILEGTEAF,QPRAPIRPI,10X,0,0.055,0
AIILEGVRF,ASSILEGTEAF,RPHERNGFTVL,10X,0,0.113026645768025,0
AIILEGVRF,ASSILEGTEAF,RPPIFIRRL,10X,0,0.1125,0
AIILEGVRF,ASSILEGTEAF,TPRVTGGGAM,10X,0,0.4616728634268956,0
AIILEGVRF,ASSILEGTEAF,AAKGRGAAL,10X,0,0.0725,0
AIILEGVRF,ASSILEGTEAF,ELRRKMMYM,10X,0,0.06,0
AIILEGVRF,ASSILEGTEAF,FLRGRAYGL,10X,0,0.0492002979653725,0
AIILEGVRF,ASSILEGTEAF,RAKFKQLL,10X,0,0.3382034518656961,0
AIILEGVRF,ASSILEGTEAF,IPSINVHHY,10X,0,0.145,0
AISDRFMREEMTYGYP,ASRREPPRKTYGYT,VLFGLGFAI,IEDB,1,0.77,1
AISETDKLG,ASTTGDGLGAF,HSKKKCDEL,McPAS,1,0.9325,1
AGSQEFLNRRY,ASSLTRRYT,EIYKRWII,VDJdb,1,0.9,1
SWDRR,"SWGRQ, SWGDP",DRFYKTLRA,IEDB,1,0.7532262512768131,1
AITPESGMRGSEKPQH,ASSFRGRGSNQPQH,YVLDHLIVV,IEDB,1,0.93,1
AEDKDSTLT,"SAREGSTLGYT, AIDDSGANVLT",GLCTLVAML,IEDB,1,0.763650564798689,1
SVVEPSEAEI,SVVEPYNEQF,YVLDHLIVV,IEDB,1,0.9575,1
KRSQGQGH,SVGQGHEQY,ERYLKDQQL,IEDB,1,0.7729347826086956,1
CASRPLLETYDQPL,SARPETVYNSPLH,VLFGLGFAI,IEDB,1,0.7825,1
QQSTKEILAKNIQY,"SVVLAGLAKNIQY, SASEPGLAENIQY",YVLDHLIVV,IEDB,1,0.9475,1
SAIMGHMNLHSVELF,SARIEGMNTEAF,FLNGSCGSV,IEDB,1,0.900625,1
PGSCFF,"SVGLVKPGSCF, VPADKRPGSCF",YVLDHLIVV,IEDB,1,0.9975,1
AWRPEPGQEEFNAY,SARELGEEAYEQY,VTEHDTLLY,VDJdb,1,0.0882142857142857,0
AWRPEPGQEEFNAY,SARELGEEAYEQY,TPRVTGGGAM,IEDB,1,0.5520833333333333,1
AWRPEPGQEEFNAY,SARELGEEAYEQY,LPRRSGAAGA,IEDB,1,0.94,1
AIAVSEHLAQIRSI,ASKPGQGLQIRSI,YVLDHLIVV,IEDB,1,0.94,1
AYPTPAGAGNT,SASYPAGLQAGGGDEN,YVLDHLIVV,IEDB,1,0.9825,1
AAVHRLARPSQIRSI,SVEGGLAQIRSI,YVLDHLIVV,IEDB,1,0.9625,1
KNPTAFG,SASIKNTEAF,TPRVTGGGAM,IEDB,1,0.4704464285714286,0
MEGGRGGGVKQPQH,SARATGGGGQPQH,GLCTLVAML,IEDB,1,0.7918478260869566,1
AGSEVN,ASRQQGSTEVF,YVLDHLIVV,IEDB,1,0.9875,1
GQGVF,SARPGQGVNEQF,ERYLKDQQL,IEDB,1,0.7811538461538461,1
ATMVTY,SARTGVGNTIY,RAKFKQLL,VDJdb,1,0.4515340085638998,0
ATMVTY,SARTGVGNTIY,AVFDRKSDAK,VDJdb,1,0.4808260045408383,0
ATMVTY,SARTGVGNTIY,SLEGGGLGY,10X,0,0.0103061224489795,0
ATMVTY,SARTGVGNTIY,STEGGGLAY,10X,0,0.02,0
ATMVTY,SARTGVGNTIY,VTEHDTLLY,10X,0,0.1188391608391608,0
ATMVTY,SARTGVGNTIY,ALIAPVHAV,10X,0,0.055,0
ATMVTY,SARTGVGNTIY,CLGGLLTMV,10X,0,0.0651363636363636,0
ATMVTY,SARTGVGNTIY,CLLGTYTQDV,10X,0,0.0275,0
ATMVTY,SARTGVGNTIY,CLLWSFQTSA,10X,0,0.04,0
ATMVTY,SARTGVGNTIY,ELAGIGILTV,10X,0,0.6180002184118564,1
ATMVTY,SARTGVGNTIY,FLASKIGRLV,10X,0,0.0309722222222222,0
ATMVTY,SARTGVGNTIY,FLYALALLL,10X,0,0.0502222222222222,0
ATMVTY,SARTGVGNTIY,GILGFVFTL,10X,0,0.7127734373858868,1
ATMVTY,SARTGVGNTIY,GLCTLVAML,10X,0,0.6900833205491014,1
ATMVTY,SARTGVGNTIY,ILKEPVHGV,10X,0,0.0476785714285714,0
ATMVTY,SARTGVGNTIY,IMDQVPFSV,10X,0,0.0558702344546381,0
ATMVTY,SARTGVGNTIY,KLQCVDLHV,10X,0,0.0557612306232205,0
ATMVTY,SARTGVGNTIY,KTWGQYWQV,10X,0,0.035,0
ATMVTY,SARTGVGNTIY,KVAELVHFL,10X,0,0.03,0
ATMVTY,SARTGVGNTIY,KVLEYVIKV,10X,0,0.0425,0
ATMVTY,SARTGVGNTIY,LLDFVRFMGV,10X,0,0.0175,0
ATMVTY,SARTGVGNTIY,LLFGYPVYV,10X,0,0.0770022303325223,0
ATMVTY,SARTGVGNTIY,LLMGTLGIVC,10X,0,0.0301363636363636,0
ATMVTY,SARTGVGNTIY,MLDLQPETT,10X,0,0.0351787814631851,0
ATMVTY,SARTGVGNTIY,NLVPMVATV,10X,0,0.6910584467191814,1
ATMVTY,SARTGVGNTIY,RMFPNAPYL,10X,0,0.12,0
ATMVTY,SARTGVGNTIY,RTLNAWVKV,10X,0,0.035,0
ATMVTY,SARTGVGNTIY,SLFNTVATL,10X,0,0.0331611697567248,0
ATMVTY,SARTGVGNTIY,SLFNTVATLY,10X,0,0.0125403225806451,0
ATMVTY,SARTGVGNTIY,SLLMWITQV,10X,0,0.0503061224489795,0
ATMVTY,SARTGVGNTIY,SLYNTVATLY,10X,0,0.0277903225806451,0
ATMVTY,SARTGVGNTIY,YLLEMLWRL,10X,0,0.0776041666666666,0
ATMVTY,SARTGVGNTIY,YLNDHLEPWI,10X,0,0.0375,0
ATMVTY,SARTGVGNTIY,KLGGALQAK,10X,0,0.920784134236592,1
ATMVTY,SARTGVGNTIY,RIAAWMATY,10X,0,0.0528061224489795,0
ATMVTY,SARTGVGNTIY,RLRAEAQVK,10X,0,0.1025,0
ATMVTY,SARTGVGNTIY,IVTDFSVIK,10X,0,0.2617693340494092,0
ATMVTY,SARTGVGNTIY,AYAQKIFKI,10X,0,0.0175,0
ATMVTY,SARTGVGNTIY,AYSSAGASI,10X,0,0.0375,0
ATMVTY,SARTGVGNTIY,CYTWNQMNL,10X,0,0.0225,0
ATMVTY,SARTGVGNTIY,QYDPVAALF,10X,0,0.0427897727272727,0
ATMVTY,SARTGVGNTIY,GPAESAAGL,10X,0,0.0452314814814814,0
ATMVTY,SARTGVGNTIY,QPRAPIRPI,10X,0,0.05,0
ATMVTY,SARTGVGNTIY,RPHERNGFTVL,10X,0,0.1761737045915545,0
ATMVTY,SARTGVGNTIY,RPPIFIRRL,10X,0,0.0827272727272727,0
ATMVTY,SARTGVGNTIY,TPRVTGGGAM,10X,0,0.4675345692886015,0
ATMVTY,SARTGVGNTIY,AAKGRGAAL,10X,0,0.034172794117647,0
ATMVTY,SARTGVGNTIY,ELRRKMMYM,10X,0,0.025,0
ATMVTY,SARTGVGNTIY,FLRGRAYGL,10X,0,0.0388592787074278,0
ATMVTY,SARTGVGNTIY,IPSINVHHY,10X,0,0.0976785714285714,0
SARARVLGWWGGRSQNIQY,SARVSGTSGSSNEQY,KLGGALQAK,VDJdb,1,0.8072959183673469,1
SARARVLGWWGGRSQNIQY,SARVSGTSGSSNEQY,SLEGGGLGY,10X,0,0.115,0
SARARVLGWWGGRSQNIQY,SARVSGTSGSSNEQY,STEGGGLAY,10X,0,0.1075,0
SARARVLGWWGGRSQNIQY,SARVSGTSGSSNEQY,VTEHDTLLY,10X,0,0.2229545454545454,0
SARARVLGWWGGRSQNIQY,SARVSGTSGSSNEQY,ALIAPVHAV,10X,0,0.1225,0
SARARVLGWWGGRSQNIQY,SARVSGTSGSSNEQY,CLGGLLTMV,10X,0,0.20625,0
SARARVLGWWGGRSQNIQY,SARVSGTSGSSNEQY,CLLGTYTQDV,10X,0,0.0925,0
SARARVLGWWGGRSQNIQY,SARVSGTSGSSNEQY,CLLWSFQTSA,10X,0,0.1375,0
SARARVLGWWGGRSQNIQY,SARVSGTSGSSNEQY,ELAGIGILTV,10X,0,0.495,0
SARARVLGWWGGRSQNIQY,SARVSGTSGSSNEQY,FLASKIGRLV,10X,0,0.1325,0
SARARVLGWWGGRSQNIQY,SARVSGTSGSSNEQY,FLYALALLL,10X,0,0.12,0
SARARVLGWWGGRSQNIQY,SARVSGTSGSSNEQY,GILGFVFTL,10X,0,0.5996666666666667,1
SARARVLGWWGGRSQNIQY,SARVSGTSGSSNEQY,GLCTLVAML,10X,0,0.7925,1
SARARVLGWWGGRSQNIQY,SARVSGTSGSSNEQY,ILKEPVHGV,10X,0,0.1175,0
SARARVLGWWGGRSQNIQY,SARVSGTSGSSNEQY,IMDQVPFSV,10X,0,0.1425,0
SARARVLGWWGGRSQNIQY,SARVSGTSGSSNEQY,KLQCVDLHV,10X,0,0.1475,0
SARARVLGWWGGRSQNIQY,SARVSGTSGSSNEQY,KTWGQYWQV,10X,0,0.1360648148148148,0
SARARVLGWWGGRSQNIQY,SARVSGTSGSSNEQY,KVAELVHFL,10X,0,0.105,0
SARARVLGWWGGRSQNIQY,SARVSGTSGSSNEQY,KVLEYVIKV,10X,0,0.1725,0
SARARVLGWWGGRSQNIQY,SARVSGTSGSSNEQY,LLDFVRFMGV,10X,0,0.065,0
SARARVLGWWGGRSQNIQY,SARVSGTSGSSNEQY,LLFGYPVYV,10X,0,0.1929744525547445,0
SARARVLGWWGGRSQNIQY,SARVSGTSGSSNEQY,LLMGTLGIVC,10X,0,0.1425,0
SARARVLGWWGGRSQNIQY,SARVSGTSGSSNEQY,MLDLQPETT,10X,0,0.1525,0
SARARVLGWWGGRSQNIQY,SARVSGTSGSSNEQY,NLVPMVATV,10X,0,0.6284300595238095,1
SARARVLGWWGGRSQNIQY,SARVSGTSGSSNEQY,RMFPNAPYL,10X,0,0.095,0
SARARVLGWWGGRSQNIQY,SARVSGTSGSSNEQY,RTLNAWVKV,10X,0,0.0975,0
SARARVLGWWGGRSQNIQY,SARVSGTSGSSNEQY,SLFNTVATL,10X,0,0.1379464285714285,0
SARARVLGWWGGRSQNIQY,SARVSGTSGSSNEQY,SLFNTVATLY,10X,0,0.1175,0
SARARVLGWWGGRSQNIQY,SARVSGTSGSSNEQY,SLLMWITQV,10X,0,0.135,0
SARARVLGWWGGRSQNIQY,SARVSGTSGSSNEQY,SLYNTVATLY,10X,0,0.135,0
SARARVLGWWGGRSQNIQY,SARVSGTSGSSNEQY,YLLEMLWRL,10X,0,0.1526041666666666,0
SARARVLGWWGGRSQNIQY,SARVSGTSGSSNEQY,YLNDHLEPWI,10X,0,0.21,0
SARARVLGWWGGRSQNIQY,SARVSGTSGSSNEQY,RIAAWMATY,10X,0,0.095,0
SARARVLGWWGGRSQNIQY,SARVSGTSGSSNEQY,RLRAEAQVK,10X,0,0.2275,0
SARARVLGWWGGRSQNIQY,SARVSGTSGSSNEQY,AVFDRKSDAK,10X,0,0.587107843137255,1
SARARVLGWWGGRSQNIQY,SARVSGTSGSSNEQY,IVTDFSVIK,10X,0,0.2678225806451613,0
SARARVLGWWGGRSQNIQY,SARVSGTSGSSNEQY,AYAQKIFKI,10X,0,0.15,0
SARARVLGWWGGRSQNIQY,SARVSGTSGSSNEQY,AYSSAGASI,10X,0,0.1525,0
SARARVLGWWGGRSQNIQY,SARVSGTSGSSNEQY,CYTWNQMNL,10X,0,0.09875,0
SARARVLGWWGGRSQNIQY,SARVSGTSGSSNEQY,QYDPVAALF,10X,0,0.2607631578947368,0
SARARVLGWWGGRSQNIQY,SARVSGTSGSSNEQY,GPAESAAGL,10X,0,0.1425,0
SARARVLGWWGGRSQNIQY,SARVSGTSGSSNEQY,QPRAPIRPI,10X,0,0.105,0
SARARVLGWWGGRSQNIQY,SARVSGTSGSSNEQY,RPHERNGFTVL,10X,0,0.0728448275862068,0
SARARVLGWWGGRSQNIQY,SARVSGTSGSSNEQY,RPPIFIRRL,10X,0,0.16,0
SARARVLGWWGGRSQNIQY,SARVSGTSGSSNEQY,TPRVTGGGAM,10X,0,0.605,1
SARARVLGWWGGRSQNIQY,SARVSGTSGSSNEQY,AAKGRGAAL,10X,0,0.1525,0
SARARVLGWWGGRSQNIQY,SARVSGTSGSSNEQY,ELRRKMMYM,10X,0,0.1075,0
SARARVLGWWGGRSQNIQY,SARVSGTSGSSNEQY,FLRGRAYGL,10X,0,0.1704281562584482,0
SARARVLGWWGGRSQNIQY,SARVSGTSGSSNEQY,RAKFKQLL,10X,0,0.3236363636363636,0
SARARVLGWWGGRSQNIQY,SARVSGTSGSSNEQY,IPSINVHHY,10X,0,0.1275,0
IVRVAMGAGNMLT,"RVGVRGEAGANVLT, SVGVGGEAGANVLT",GILGFVFTL,McPAS,1,0.6386791383219955,1
AVRDLNTGFQKLV,"SARDLAGNTGELFF, SARDLARNTGELFF",GILGFVFTL,McPAS,1,0.625,1
SVRPPGI,SVRSEGDTIY,KLGGALQAK,10X,1,0.86976510989011,1
SVRPPGI,SVRSEGDTIY,SLEGGGLGY,10X,0,0.0403061224489795,0
SVRPPGI,SVRSEGDTIY,STEGGGLAY,10X,0,0.0425,0
SVRPPGI,SVRSEGDTIY,VTEHDTLLY,10X,0,0.0810881393887011,0
SVRPPGI,SVRSEGDTIY,ALIAPVHAV,10X,0,0.0325,0
SVRPPGI,SVRSEGDTIY,CLGGLLTMV,10X,0,0.1662077922077922,0
SVRPPGI,SVRSEGDTIY,CLLGTYTQDV,10X,0,0.0375,0
SVRPPGI,SVRSEGDTIY,CLLWSFQTSA,10X,0,0.0525,0
SVRPPGI,SVRSEGDTIY,ELAGIGILTV,10X,0,0.4887664141414142,0
SVRPPGI,SVRSEGDTIY,FLASKIGRLV,10X,0,0.0375,0
SVRPPGI,SVRSEGDTIY,FLYALALLL,10X,0,0.0754166666666666,0
SVRPPGI,SVRSEGDTIY,GILGFVFTL,10X,0,0.7869601414756079,1
SVRPPGI,SVRSEGDTIY,GLCTLVAML,10X,0,0.8222754301144002,1
SVRPPGI,SVRSEGDTIY,ILKEPVHGV,10X,0,0.08,0
SVRPPGI,SVRSEGDTIY,IMDQVPFSV,10X,0,0.1003146788990825,0
SVRPPGI,SVRSEGDTIY,KLQCVDLHV,10X,0,0.0438734755211796,0
SVRPPGI,SVRSEGDTIY,KTWGQYWQV,10X,0,0.015,0
SVRPPGI,SVRSEGDTIY,KVAELVHFL,10X,0,0.0375,0
SVRPPGI,SVRSEGDTIY,KVLEYVIKV,10X,0,0.04,0
SVRPPGI,SVRSEGDTIY,LLDFVRFMGV,10X,0,0.0625,0
SVRPPGI,SVRSEGDTIY,LLFGYPVYV,10X,0,0.1275,0
SVRPPGI,SVRSEGDTIY,LLMGTLGIVC,10X,0,0.0551363636363636,0
SVRPPGI,SVRSEGDTIY,MLDLQPETT,10X,0,0.0442759951109605,0
SVRPPGI,SVRSEGDTIY,NLVPMVATV,10X,0,0.8261420699554682,1
SVRPPGI,SVRSEGDTIY,RMFPNAPYL,10X,0,0.0775,0
SVRPPGI,SVRSEGDTIY,RTLNAWVKV,10X,0,0.025,0
SVRPPGI,SVRSEGDTIY,SLFNTVATL,10X,0,0.0525961538461538,0
SVRPPGI,SVRSEGDTIY,SLFNTVATLY,10X,0,0.0425961538461538,0
SVRPPGI,SVRSEGDTIY,SLLMWITQV,10X,0,0.1063061224489795,0
SVRPPGI,SVRSEGDTIY,SLYNTVATLY,10X,0,0.0325,0
SVRPPGI,SVRSEGDTIY,YLLEMLWRL,10X,0,0.045,0
SVRPPGI,SVRSEGDTIY,YLNDHLEPWI,10X,0,0.0875,0
SVRPPGI,SVRSEGDTIY,RIAAWMATY,10X,0,0.0528061224489795,0
SVRPPGI,SVRSEGDTIY,RLRAEAQVK,10X,0,0.0860714285714285,0
SVRPPGI,SVRSEGDTIY,AVFDRKSDAK,10X,0,0.5636928104575163,1
SVRPPGI,SVRSEGDTIY,IVTDFSVIK,10X,0,0.2386559139784946,0
SVRPPGI,SVRSEGDTIY,AYAQKIFKI,10X,0,0.0725,0
SVRPPGI,SVRSEGDTIY,AYSSAGASI,10X,0,0.02,0
SVRPPGI,SVRSEGDTIY,CYTWNQMNL,10X,0,0.045,0
SVRPPGI,SVRSEGDTIY,QYDPVAALF,10X,0,0.0525625,0
SVRPPGI,SVRSEGDTIY,GPAESAAGL,10X,0,0.045,0
SVRPPGI,SVRSEGDTIY,QPRAPIRPI,10X,0,0.0425,0
SVRPPGI,SVRSEGDTIY,RPHERNGFTVL,10X,0,0.09,0
SVRPPGI,SVRSEGDTIY,RPPIFIRRL,10X,0,0.0525,0
SVRPPGI,SVRSEGDTIY,TPRVTGGGAM,10X,0,0.552150974025974,1
SVRPPGI,SVRSEGDTIY,AAKGRGAAL,10X,0,0.0575,0
SVRPPGI,SVRSEGDTIY,ELRRKMMYM,10X,0,0.035,0
SVRPPGI,SVRSEGDTIY,FLRGRAYGL,10X,0,0.0628061224489796,0
SVRPPGI,SVRSEGDTIY,RAKFKQLL,10X,0,0.3562054179434797,0
SVRPPGI,SVRSEGDTIY,IPSINVHHY,10X,0,0.075,0
SVLRY,SVSPGLRQETQY,GILGFVFTL,VDJdb,1,0.7171808802096982,1
ASSEETRAPVHRYT,ASSTLAGVHYNEQ,FRCPRRFCF,McPAS,1,0.8975,1
ANNCGF,"ASNQGNTGELF, ASNEVNTGELF, ANPDRNTGELF",LLWNGPMAV,VDJdb,1,0.965237608932462,1
AKLTPY,"SASKLEWETQY, ASSLQTGPEQY",YVLDHLIVV,IEDB,1,1.0,1
APRQGR,ASSPQTGREQF,ERYLKDQQL,IEDB,1,0.7825,1
AKGQA,SAKGQAITEKLF,ERYLKDQQL,IEDB,1,0.8225,1
AIREDSVFF,SAREDEQF,VLFGLGFAI,IEDB,1,0.8375,1
AIREDSVFF,SAREDEQF,GILGFVFTL,McPAS,1,0.6158306277056277,1
ASIQWYSFLLGSCF,"ASSLLGGSYNEQF, ASSLLQGPSYEQF, ASSLLGQGASGAF, ASSLRLAGSREQF",GILGFVFTL,IEDB,1,0.5076745794991067,1
AITDVWERF,ASIVNEAF,GILGFVFTL,IEDB,1,0.647203737123092,1
ASRKVWLSTKAGQRPA,ASSMTAGPEAF,KTAYSHLSTSK,IEDB,1,0.9325,1
ATEELWANVLT,SARDETRLSSGANVLT,GILGFVFTL,IEDB,1,0.5986397058823529,1
ASSPPTLMQSHILT,ASSYTLDSLYGYT,GILGFVFTL,IEDB,1,0.9938420080824972,1
AAFQGAQKLV,"ASSFSGQGAANKEL, ASSSTSQGAQEKLF",LLFGYPVYV,McPAS,1,0.994105404935697,1
AENMGYGNKLV,NVGYGGTNEKLFF,ELRRKMMYM,TBAdb,1,0.085,0
SAKGTYESEVV,SAKVTGPTSYEQY,SLEGGGLGY,10X,0,0.095,0
SAKGTYESEVV,SAKVTGPTSYEQY,STEGGGLAY,10X,0,0.07,0
SAKGTYESEVV,SAKVTGPTSYEQY,VTEHDTLLY,10X,0,0.2210444330949948,0
SAKGTYESEVV,SAKVTGPTSYEQY,ALIAPVHAV,10X,0,0.065,0
SAKGTYESEVV,SAKVTGPTSYEQY,CLGGLLTMV,10X,0,0.1275,0
SAKGTYESEVV,SAKVTGPTSYEQY,CLLGTYTQDV,10X,0,0.0375,0
SAKGTYESEVV,SAKVTGPTSYEQY,CLLWSFQTSA,10X,0,0.0475,0
SAKGTYESEVV,SAKVTGPTSYEQY,ELAGIGILTV,10X,0,0.569320652173913,1
SAKGTYESEVV,SAKVTGPTSYEQY,FLASKIGRLV,10X,0,0.0875,0
SAKGTYESEVV,SAKVTGPTSYEQY,FLYALALLL,10X,0,0.11,0
SAKGTYESEVV,SAKVTGPTSYEQY,GILGFVFTL,10X,0,0.6975,1
SAKGTYESEVV,SAKVTGPTSYEQY,GLCTLVAML,10X,0,0.6869795321637426,1
SAKGTYESEVV,SAKVTGPTSYEQY,ILKEPVHGV,10X,0,0.06,0
SAKGTYESEVV,SAKVTGPTSYEQY,IMDQVPFSV,10X,0,0.1101999999999999,0
SAKGTYESEVV,SAKVTGPTSYEQY,KLQCVDLHV,10X,0,0.0875,0
SAKGTYESEVV,SAKVTGPTSYEQY,KTWGQYWQV,10X,0,0.0875,0
SAKGTYESEVV,SAKVTGPTSYEQY,KVAELVHFL,10X,0,0.0975,0
SAKGTYESEVV,SAKVTGPTSYEQY,KVLEYVIKV,10X,0,0.0825,0
SAKGTYESEVV,SAKVTGPTSYEQY,LLDFVRFMGV,10X,0,0.05,0
SAKGTYESEVV,SAKVTGPTSYEQY,LLFGYPVYV,10X,0,0.2488888888888888,0
SAKGTYESEVV,SAKVTGPTSYEQY,LLMGTLGIVC,10X,0,0.0775,0
SAKGTYESEVV,SAKVTGPTSYEQY,MLDLQPETT,10X,0,0.115653990204552,0
SAKGTYESEVV,SAKVTGPTSYEQY,NLVPMVATV,10X,0,0.621875,1
SAKGTYESEVV,SAKVTGPTSYEQY,RMFPNAPYL,10X,0,0.105,0
SAKGTYESEVV,SAKVTGPTSYEQY,RTLNAWVKV,10X,0,0.05,0
SAKGTYESEVV,SAKVTGPTSYEQY,SLFNTVATL,10X,0,0.1004464285714285,0
SAKGTYESEVV,SAKVTGPTSYEQY,SLFNTVATLY,10X,0,0.0625,0
SAKGTYESEVV,SAKVTGPTSYEQY,SLLMWITQV,10X,0,0.135,0
SAKGTYESEVV,SAKVTGPTSYEQY,SLYNTVATLY,10X,0,0.0775,0
SAKGTYESEVV,SAKVTGPTSYEQY,YLLEMLWRL,10X,0,0.1401041666666666,0
SAKGTYESEVV,SAKVTGPTSYEQY,YLNDHLEPWI,10X,0,0.0875,0
SAKGTYESEVV,SAKVTGPTSYEQY,KLGGALQAK,10X,0,0.82625,1
SAKGTYESEVV,SAKVTGPTSYEQY,RIAAWMATY,10X,0,0.0625,0
SAKGTYESEVV,SAKVTGPTSYEQY,RLRAEAQVK,10X,0,0.1875,0
SAKGTYESEVV,SAKVTGPTSYEQY,AVFDRKSDAK,10X,0,0.5173333333333333,1
SAKGTYESEVV,SAKVTGPTSYEQY,IVTDFSVIK,10X,0,0.2804591836734694,0
SAKGTYESEVV,SAKVTGPTSYEQY,AYAQKIFKI,10X,0,0.095,0
SAKGTYESEVV,SAKVTGPTSYEQY,AYSSAGASI,10X,0,0.07,0
SAKGTYESEVV,SAKVTGPTSYEQY,CYTWNQMNL,10X,0,0.06,0
SAKGTYESEVV,SAKVTGPTSYEQY,QYDPVAALF,10X,0,0.0728256578947368,0
SAKGTYESEVV,SAKVTGPTSYEQY,GPAESAAGL,10X,0,0.09,0
SAKGTYESEVV,SAKVTGPTSYEQY,QPRAPIRPI,10X,0,0.09,0
SAKGTYESEVV,SAKVTGPTSYEQY,RPHERNGFTVL,10X,0,0.165,0
SAKGTYESEVV,SAKVTGPTSYEQY,RPPIFIRRL,10X,0,0.105,0
SAKGTYESEVV,SAKVTGPTSYEQY,TPRVTGGGAM,10X,0,0.6675,1
SAKGTYESEVV,SAKVTGPTSYEQY,AAKGRGAAL,10X,0,0.06,0
SAKGTYESEVV,SAKVTGPTSYEQY,ELRRKMMYM,10X,0,0.0475,0
SAKGTYESEVV,SAKVTGPTSYEQY,FLRGRAYGL,10X,0,0.0990277777777777,0
SAKGTYESEVV,SAKVTGPTSYEQY,RAKFKQLL,10X,0,0.5072532120611268,1
SAKGTYESEVV,SAKVTGPTSYEQY,IPSINVHHY,10X,0,0.1026785714285714,0
ARRSRGENNGGV,"ASSLGESGGVAF, ASSRGEGGNEQF",VLFGLGFAI,IEDB,1,0.7908676654182273,1
ARRSRGENNGGV,"ASSLGESGGVAF, ASSRGEGGNEQF",GILGFVFTL,McPAS,1,0.5977364133614134,1
ASAILGIRIAG,SVEILTGIIGGYT,GILGFVFTL,IEDB,1,0.6458788322185061,1
ATAPGTGRTLKLI,AVGPSNTGKLI,RPPIFIRRL,IEDB,1,0.0977272727272727,0
AASARSMDSNYQLIW,ASSRDSNEQ,GILGFVFTL,McPAS,1,0.7110431547619048,1
AIWFRGDLQPRH,"ASSGTDLNQPQH, AWSLPGRLQPQH",YVLDHLIVV,IEDB,1,0.94,1
QLEICCPAGTEAF,SVEAGEDTEAF,GLCTLVAML,IEDB,1,0.8075,1
ASIARVPSPGSC,ATSRPTSGSDEQ,SFHSLHLLF,McPAS,1,0.86,1
QQCPTWVSSTQY,VCSPGTSTDTQY,YVLDHLIVV,IEDB,1,0.9775,1
QQLKRRDIQY,QQSTKEILAKNIQY,YVLDHLIVV,IEDB,1,0.9625,1
ARKKTRRISQAF,"AWRHRDRGSEQF, ASSTRDRGSEQF",KLGGALQAK,VDJdb,1,0.920805086434034,1
ARKKTRRISQAF,"AWRHRDRGSEQF, ASSTRDRGSEQF",AVFDRKSDAK,VDJdb,1,0.6451203208556149,1
ARKKTRRISQAF,"AWRHRDRGSEQF, ASSTRDRGSEQF",SLEGGGLGY,10X,0,0.1153061224489795,0
ARKKTRRISQAF,"AWRHRDRGSEQF, ASSTRDRGSEQF",STEGGGLAY,10X,0,0.095,0
ARKKTRRISQAF,"AWRHRDRGSEQF, ASSTRDRGSEQF",VTEHDTLLY,10X,0,0.1726136363636363,0
ARKKTRRISQAF,"AWRHRDRGSEQF, ASSTRDRGSEQF",ALIAPVHAV,10X,0,0.1075,0
ARKKTRRISQAF,"AWRHRDRGSEQF, ASSTRDRGSEQF",CLGGLLTMV,10X,0,0.145,0
ARKKTRRISQAF,"AWRHRDRGSEQF, ASSTRDRGSEQF",CLLGTYTQDV,10X,0,0.095,0
ARKKTRRISQAF,"AWRHRDRGSEQF, ASSTRDRGSEQF",CLLWSFQTSA,10X,0,0.14,0
ARKKTRRISQAF,"AWRHRDRGSEQF, ASSTRDRGSEQF",ELAGIGILTV,10X,0,0.5261761517615176,1
ARKKTRRISQAF,"AWRHRDRGSEQF, ASSTRDRGSEQF",FLASKIGRLV,10X,0,0.0875,0
ARKKTRRISQAF,"AWRHRDRGSEQF, ASSTRDRGSEQF",FLYALALLL,10X,0,0.145,0
ARKKTRRISQAF,"AWRHRDRGSEQF, ASSTRDRGSEQF",GILGFVFTL,10X,0,0.6566111111111111,1
ARKKTRRISQAF,"AWRHRDRGSEQF, ASSTRDRGSEQF",GLCTLVAML,10X,0,0.6694286384096024,1
ARKKTRRISQAF,"AWRHRDRGSEQF, ASSTRDRGSEQF",ILKEPVHGV,10X,0,0.0775,0
ARKKTRRISQAF,"AWRHRDRGSEQF, ASSTRDRGSEQF",IMDQVPFSV,10X,0,0.185,0
ARKKTRRISQAF,"AWRHRDRGSEQF, ASSTRDRGSEQF",KLQCVDLHV,10X,0,0.1025,0
ARKKTRRISQAF,"AWRHRDRGSEQF, ASSTRDRGSEQF",KTWGQYWQV,10X,0,0.11,0
ARKKTRRISQAF,"AWRHRDRGSEQF, ASSTRDRGSEQF",KVAELVHFL,10X,0,0.085,0
ARKKTRRISQAF,"AWRHRDRGSEQF, ASSTRDRGSEQF",KVLEYVIKV,10X,0,0.1225,0
ARKKTRRISQAF,"AWRHRDRGSEQF, ASSTRDRGSEQF",LLDFVRFMGV,10X,0,0.12,0
ARKKTRRISQAF,"AWRHRDRGSEQF, ASSTRDRGSEQF",LLFGYPVYV,10X,0,0.1554744525547445,0
ARKKTRRISQAF,"AWRHRDRGSEQF, ASSTRDRGSEQF",LLMGTLGIVC,10X,0,0.11,0
ARKKTRRISQAF,"AWRHRDRGSEQF, ASSTRDRGSEQF",MLDLQPETT,10X,0,0.123076923076923,0
ARKKTRRISQAF,"AWRHRDRGSEQF, ASSTRDRGSEQF",NLVPMVATV,10X,0,0.6391071428571429,1
ARKKTRRISQAF,"AWRHRDRGSEQF, ASSTRDRGSEQF",RMFPNAPYL,10X,0,0.1577777777777778,0
ARKKTRRISQAF,"AWRHRDRGSEQF, ASSTRDRGSEQF",RTLNAWVKV,10X,0,0.14,0
ARKKTRRISQAF,"AWRHRDRGSEQF, ASSTRDRGSEQF",SLFNTVATL,10X,0,0.0927147411852963,0
ARKKTRRISQAF,"AWRHRDRGSEQF, ASSTRDRGSEQF",SLFNTVATLY,10X,0,0.0775403225806451,0
ARKKTRRISQAF,"AWRHRDRGSEQF, ASSTRDRGSEQF",SLLMWITQV,10X,0,0.1203061224489795,0
ARKKTRRISQAF,"AWRHRDRGSEQF, ASSTRDRGSEQF",SLYNTVATLY,10X,0,0.0852903225806451,0
ARKKTRRISQAF,"AWRHRDRGSEQF, ASSTRDRGSEQF",YLLEMLWRL,10X,0,0.1,0
ARKKTRRISQAF,"AWRHRDRGSEQF, ASSTRDRGSEQF",YLNDHLEPWI,10X,0,0.1325,0
ARKKTRRISQAF,"AWRHRDRGSEQF, ASSTRDRGSEQF",RIAAWMATY,10X,0,0.1453061224489795,0
ARKKTRRISQAF,"AWRHRDRGSEQF, ASSTRDRGSEQF",RLRAEAQVK,10X,0,0.325,0
ARKKTRRISQAF,"AWRHRDRGSEQF, ASSTRDRGSEQF",IVTDFSVIK,10X,0,0.2905263157894737,0
ARKKTRRISQAF,"AWRHRDRGSEQF, ASSTRDRGSEQF",AYAQKIFKI,10X,0,0.1025,0
ARKKTRRISQAF,"AWRHRDRGSEQF, ASSTRDRGSEQF",AYSSAGASI,10X,0,0.1375,0
ARKKTRRISQAF,"AWRHRDRGSEQF, ASSTRDRGSEQF",CYTWNQMNL,10X,0,0.115,0
ARKKTRRISQAF,"AWRHRDRGSEQF, ASSTRDRGSEQF",QYDPVAALF,10X,0,0.1125,0
ARKKTRRISQAF,"AWRHRDRGSEQF, ASSTRDRGSEQF",GPAESAAGL,10X,0,0.1227314814814814,0
ARKKTRRISQAF,"AWRHRDRGSEQF, ASSTRDRGSEQF",QPRAPIRPI,10X,0,0.1225,0
ARKKTRRISQAF,"AWRHRDRGSEQF, ASSTRDRGSEQF",RPHERNGFTVL,10X,0,0.2531470588235294,0
ARKKTRRISQAF,"AWRHRDRGSEQF, ASSTRDRGSEQF",RPPIFIRRL,10X,0,0.1077272727272727,0
ARKKTRRISQAF,"AWRHRDRGSEQF, ASSTRDRGSEQF",TPRVTGGGAM,10X,0,0.4975,0
ARKKTRRISQAF,"AWRHRDRGSEQF, ASSTRDRGSEQF",AAKGRGAAL,10X,0,0.1425,0
ARKKTRRISQAF,"AWRHRDRGSEQF, ASSTRDRGSEQF",ELRRKMMYM,10X,0,0.1125,0
ARKKTRRISQAF,"AWRHRDRGSEQF, ASSTRDRGSEQF",FLRGRAYGL,10X,0,0.1668826526911676,0
ARKKTRRISQAF,"AWRHRDRGSEQF, ASSTRDRGSEQF",RAKFKQLL,10X,0,0.3143201754385965,0
ARKKTRRISQAF,"AWRHRDRGSEQF, ASSTRDRGSEQF",IPSINVHHY,10X,0,0.1575,0
QQQSAVVGPPGDT,SAQGPGDYGYT,SLEGGGLGY,10X,0,0.08,0
QQQSAVVGPPGDT,SAQGPGDYGYT,STEGGGLAY,10X,0,0.07,0
QQQSAVVGPPGDT,SAQGPGDYGYT,VTEHDTLLY,10X,0,0.1575,0
QQQSAVVGPPGDT,SAQGPGDYGYT,ALIAPVHAV,10X,0,0.1125,0
QQQSAVVGPPGDT,SAQGPGDYGYT,CLGGLLTMV,10X,0,0.1275,0
QQQSAVVGPPGDT,SAQGPGDYGYT,CLLGTYTQDV,10X,0,0.08,0
QQQSAVVGPPGDT,SAQGPGDYGYT,CLLWSFQTSA,10X,0,0.0775,0
QQQSAVVGPPGDT,SAQGPGDYGYT,ELAGIGILTV,10X,0,0.5691666666666666,1
QQQSAVVGPPGDT,SAQGPGDYGYT,FLASKIGRLV,10X,0,0.125,0
QQQSAVVGPPGDT,SAQGPGDYGYT,FLYALALLL,10X,0,0.1225,0
QQQSAVVGPPGDT,SAQGPGDYGYT,GILGFVFTL,10X,0,0.6107083333333334,1
QQQSAVVGPPGDT,SAQGPGDYGYT,GLCTLVAML,10X,0,0.7631666666666668,1
QQQSAVVGPPGDT,SAQGPGDYGYT,ILKEPVHGV,10X,0,0.08,0
QQQSAVVGPPGDT,SAQGPGDYGYT,IMDQVPFSV,10X,0,0.1601388888888889,0
QQQSAVVGPPGDT,SAQGPGDYGYT,KLQCVDLHV,10X,0,0.115,0
QQQSAVVGPPGDT,SAQGPGDYGYT,KTWGQYWQV,10X,0,0.09,0
QQQSAVVGPPGDT,SAQGPGDYGYT,KVAELVHFL,10X,0,0.095,0
QQQSAVVGPPGDT,SAQGPGDYGYT,KVLEYVIKV,10X,0,0.155,0
QQQSAVVGPPGDT,SAQGPGDYGYT,LLDFVRFMGV,10X,0,0.1125,0
QQQSAVVGPPGDT,SAQGPGDYGYT,LLFGYPVYV,10X,0,0.2079744525547445,0
QQQSAVVGPPGDT,SAQGPGDYGYT,LLMGTLGIVC,10X,0,0.0975,0
QQQSAVVGPPGDT,SAQGPGDYGYT,MLDLQPETT,10X,0,0.105,0
QQQSAVVGPPGDT,SAQGPGDYGYT,NLVPMVATV,10X,0,0.7032875457875457,1
QQQSAVVGPPGDT,SAQGPGDYGYT,RMFPNAPYL,10X,0,0.0975,0
QQQSAVVGPPGDT,SAQGPGDYGYT,RTLNAWVKV,10X,0,0.0875,0
QQQSAVVGPPGDT,SAQGPGDYGYT,SLFNTVATL,10X,0,0.135,0
QQQSAVVGPPGDT,SAQGPGDYGYT,SLFNTVATLY,10X,0,0.11,0
QQQSAVVGPPGDT,SAQGPGDYGYT,SLLMWITQV,10X,0,0.1375,0
QQQSAVVGPPGDT,SAQGPGDYGYT,SLYNTVATLY,10X,0,0.135,0
QQQSAVVGPPGDT,SAQGPGDYGYT,YLLEMLWRL,10X,0,0.1075,0
QQQSAVVGPPGDT,SAQGPGDYGYT,YLNDHLEPWI,10X,0,0.1409375,0
QQQSAVVGPPGDT,SAQGPGDYGYT,KLGGALQAK,10X,0,0.9044248823858572,1
QQQSAVVGPPGDT,SAQGPGDYGYT,RIAAWMATY,10X,0,0.095,0
QQQSAVVGPPGDT,SAQGPGDYGYT,RLRAEAQVK,10X,0,0.1675,0
QQQSAVVGPPGDT,SAQGPGDYGYT,AVFDRKSDAK,10X,0,0.5045710784313725,1
QQQSAVVGPPGDT,SAQGPGDYGYT,IVTDFSVIK,10X,0,0.2757925170068027,0
QQQSAVVGPPGDT,SAQGPGDYGYT,AYAQKIFKI,10X,0,0.105,0
QQQSAVVGPPGDT,SAQGPGDYGYT,AYSSAGASI,10X,0,0.105,0
QQQSAVVGPPGDT,SAQGPGDYGYT,CYTWNQMNL,10X,0,0.07,0
QQQSAVVGPPGDT,SAQGPGDYGYT,QYDPVAALF,10X,0,0.105,0
QQQSAVVGPPGDT,SAQGPGDYGYT,GPAESAAGL,10X,0,0.1202314814814815,0
QQQSAVVGPPGDT,SAQGPGDYGYT,QPRAPIRPI,10X,0,0.0975,0
QQQSAVVGPPGDT,SAQGPGDYGYT,RPHERNGFTVL,10X,0,0.1525,0
QQQSAVVGPPGDT,SAQGPGDYGYT,RPPIFIRRL,10X,0,0.1425,0
QQQSAVVGPPGDT,SAQGPGDYGYT,TPRVTGGGAM,10X,0,0.5318005952380953,1
QQQSAVVGPPGDT,SAQGPGDYGYT,AAKGRGAAL,10X,0,0.1375,0
QQQSAVVGPPGDT,SAQGPGDYGYT,ELRRKMMYM,10X,0,0.075,0
QQQSAVVGPPGDT,SAQGPGDYGYT,FLRGRAYGL,10X,0,0.130705934036226,0
QQQSAVVGPPGDT,SAQGPGDYGYT,RAKFKQLL,10X,0,0.369375,0
QQQSAVVGPPGDT,SAQGPGDYGYT,IPSINVHHY,10X,0,0.0875,0
RVGQVMVLCT,RYKGQGVSGANVLT,GILGFVFTL,VDJdb,1,0.6451262626262627,1
ASSPPTLMQSHILT,ASSTRSGFIL,GILGFVFTL,IEDB,1,0.9938420080824972,1
AGSQEFLNRRY,ASSQDLRGARGYT,EIYKRWII,VDJdb,1,0.9,1
RSIF,SKI,YVLDHLIVV,IEDB,1,0.995,1
SACLNLCH,SARDLAAYNSPLH,NLVPMVATV,VDJdb,1,0.8146219545056256,1
PRKLKLSLDKAMNTEAF,SVGAKANTEAF,YVLDHLIVV,IEDB,1,0.9575,1
RVGQVMVLCT,SVPGQVLETQY,GILGFVFTL,VDJdb,1,0.6451262626262627,1
AAEDDTGGFKTI,"SADRGDGFT, ASEDTGELF",GILGFVFTL,McPAS,1,0.6891666666666666,1
ARKKTRRISQAF,SARKWTEAF,KLGGALQAK,VDJdb,1,0.920805086434034,1
ARKKTRRISQAF,SARKWTEAF,AVFDRKSDAK,VDJdb,1,0.6451203208556149,1
ARKKTRRISQAF,SARKWTEAF,SLEGGGLGY,10X,0,0.1153061224489795,0
ARKKTRRISQAF,SARKWTEAF,STEGGGLAY,10X,0,0.095,0
ARKKTRRISQAF,SARKWTEAF,VTEHDTLLY,10X,0,0.1726136363636363,0
ARKKTRRISQAF,SARKWTEAF,ALIAPVHAV,10X,0,0.1075,0
ARKKTRRISQAF,SARKWTEAF,CLGGLLTMV,10X,0,0.145,0
ARKKTRRISQAF,SARKWTEAF,CLLGTYTQDV,10X,0,0.095,0
ARKKTRRISQAF,SARKWTEAF,CLLWSFQTSA,10X,0,0.14,0
ARKKTRRISQAF,SARKWTEAF,ELAGIGILTV,10X,0,0.5261761517615176,1
ARKKTRRISQAF,SARKWTEAF,FLASKIGRLV,10X,0,0.0875,0
ARKKTRRISQAF,SARKWTEAF,FLYALALLL,10X,0,0.145,0
ARKKTRRISQAF,SARKWTEAF,GILGFVFTL,10X,0,0.6566111111111111,1
ARKKTRRISQAF,SARKWTEAF,GLCTLVAML,10X,0,0.6694286384096024,1
ARKKTRRISQAF,SARKWTEAF,ILKEPVHGV,10X,0,0.0775,0
ARKKTRRISQAF,SARKWTEAF,IMDQVPFSV,10X,0,0.185,0
ARKKTRRISQAF,SARKWTEAF,KLQCVDLHV,10X,0,0.1025,0
ARKKTRRISQAF,SARKWTEAF,KTWGQYWQV,10X,0,0.11,0
ARKKTRRISQAF,SARKWTEAF,KVAELVHFL,10X,0,0.085,0
ARKKTRRISQAF,SARKWTEAF,KVLEYVIKV,10X,0,0.1225,0
ARKKTRRISQAF,SARKWTEAF,LLDFVRFMGV,10X,0,0.12,0
ARKKTRRISQAF,SARKWTEAF,LLFGYPVYV,10X,0,0.1554744525547445,0
ARKKTRRISQAF,SARKWTEAF,LLMGTLGIVC,10X,0,0.11,0
ARKKTRRISQAF,SARKWTEAF,MLDLQPETT,10X,0,0.123076923076923,0
ARKKTRRISQAF,SARKWTEAF,NLVPMVATV,10X,0,0.6391071428571429,1
ARKKTRRISQAF,SARKWTEAF,RMFPNAPYL,10X,0,0.1577777777777778,0
ARKKTRRISQAF,SARKWTEAF,RTLNAWVKV,10X,0,0.14,0
ARKKTRRISQAF,SARKWTEAF,SLFNTVATL,10X,0,0.0927147411852963,0
ARKKTRRISQAF,SARKWTEAF,SLFNTVATLY,10X,0,0.0775403225806451,0
ARKKTRRISQAF,SARKWTEAF,SLLMWITQV,10X,0,0.1203061224489795,0
ARKKTRRISQAF,SARKWTEAF,SLYNTVATLY,10X,0,0.0852903225806451,0
ARKKTRRISQAF,SARKWTEAF,YLLEMLWRL,10X,0,0.1,0
ARKKTRRISQAF,SARKWTEAF,YLNDHLEPWI,10X,0,0.1325,0
ARKKTRRISQAF,SARKWTEAF,RIAAWMATY,10X,0,0.1453061224489795,0
ARKKTRRISQAF,SARKWTEAF,RLRAEAQVK,10X,0,0.325,0
ARKKTRRISQAF,SARKWTEAF,IVTDFSVIK,10X,0,0.2905263157894737,0
ARKKTRRISQAF,SARKWTEAF,AYAQKIFKI,10X,0,0.1025,0
ARKKTRRISQAF,SARKWTEAF,AYSSAGASI,10X,0,0.1375,0
ARKKTRRISQAF,SARKWTEAF,CYTWNQMNL,10X,0,0.115,0
ARKKTRRISQAF,SARKWTEAF,QYDPVAALF,10X,0,0.1125,0
ARKKTRRISQAF,SARKWTEAF,GPAESAAGL,10X,0,0.1227314814814814,0
ARKKTRRISQAF,SARKWTEAF,QPRAPIRPI,10X,0,0.1225,0
ARKKTRRISQAF,SARKWTEAF,RPHERNGFTVL,10X,0,0.2531470588235294,0
ARKKTRRISQAF,SARKWTEAF,RPPIFIRRL,10X,0,0.1077272727272727,0
ARKKTRRISQAF,SARKWTEAF,TPRVTGGGAM,10X,0,0.4975,0
ARKKTRRISQAF,SARKWTEAF,AAKGRGAAL,10X,0,0.1425,0
ARKKTRRISQAF,SARKWTEAF,ELRRKMMYM,10X,0,0.1125,0
ARKKTRRISQAF,SARKWTEAF,FLRGRAYGL,10X,0,0.1668826526911676,0
ARKKTRRISQAF,SARKWTEAF,RAKFKQLL,10X,0,0.3143201754385965,0
ARKKTRRISQAF,SARKWTEAF,IPSINVHHY,10X,0,0.1575,0
AASARSMDSNYQLIW,"SARFSDNSGNTIY, SARFMDNSGNTIY",GILGFVFTL,McPAS,1,0.7110431547619048,1
ATSDTADQWKTFSTSAP,ATSGDRADEQF,SLEGGGLGY,10X,0,0.08,0
ATSDTADQWKTFSTSAP,ATSGDRADEQF,STEGGGLAY,10X,0,0.0925,0
ATSDTADQWKTFSTSAP,ATSGDRADEQF,VTEHDTLLY,10X,0,0.1725,0
ATSDTADQWKTFSTSAP,ATSGDRADEQF,ALIAPVHAV,10X,0,0.075,0
ATSDTADQWKTFSTSAP,ATSGDRADEQF,CLGGLLTMV,10X,0,0.105,0
ATSDTADQWKTFSTSAP,ATSGDRADEQF,CLLGTYTQDV,10X,0,0.0575,0
ATSDTADQWKTFSTSAP,ATSGDRADEQF,CLLWSFQTSA,10X,0,0.08,0
ATSDTADQWKTFSTSAP,ATSGDRADEQF,ELAGIGILTV,10X,0,0.4878472222222222,0
ATSDTADQWKTFSTSAP,ATSGDRADEQF,FLASKIGRLV,10X,0,0.11,0
ATSDTADQWKTFSTSAP,ATSGDRADEQF,FLYALALLL,10X,0,0.0904166666666666,0
ATSDTADQWKTFSTSAP,ATSGDRADEQF,GILGFVFTL,10X,0,0.7141013071895425,1
ATSDTADQWKTFSTSAP,ATSGDRADEQF,GLCTLVAML,10X,0,0.5547628285060923,1
ATSDTADQWKTFSTSAP,ATSGDRADEQF,ILKEPVHGV,10X,0,0.08,0
ATSDTADQWKTFSTSAP,ATSGDRADEQF,IMDQVPFSV,10X,0,0.1375,0
ATSDTADQWKTFSTSAP,ATSGDRADEQF,KLQCVDLHV,10X,0,0.1075,0
ATSDTADQWKTFSTSAP,ATSGDRADEQF,KTWGQYWQV,10X,0,0.09,0
ATSDTADQWKTFSTSAP,ATSGDRADEQF,KVAELVHFL,10X,0,0.0625,0
ATSDTADQWKTFSTSAP,ATSGDRADEQF,KVLEYVIKV,10X,0,0.085,0
ATSDTADQWKTFSTSAP,ATSGDRADEQF,LLDFVRFMGV,10X,0,0.035,0
ATSDTADQWKTFSTSAP,ATSGDRADEQF,LLFGYPVYV,10X,0,0.1704166666666667,0
ATSDTADQWKTFSTSAP,ATSGDRADEQF,LLMGTLGIVC,10X,0,0.065,0
ATSDTADQWKTFSTSAP,ATSGDRADEQF,MLDLQPETT,10X,0,0.08,0
ATSDTADQWKTFSTSAP,ATSGDRADEQF,NLVPMVATV,10X,0,0.5981208235441031,1
ATSDTADQWKTFSTSAP,ATSGDRADEQF,RMFPNAPYL,10X,0,0.095,0
ATSDTADQWKTFSTSAP,ATSGDRADEQF,RTLNAWVKV,10X,0,0.0675,0
ATSDTADQWKTFSTSAP,ATSGDRADEQF,SLFNTVATL,10X,0,0.0751744186046511,0
ATSDTADQWKTFSTSAP,ATSGDRADEQF,SLFNTVATLY,10X,0,0.055,0
ATSDTADQWKTFSTSAP,ATSGDRADEQF,SLLMWITQV,10X,0,0.0775,0
ATSDTADQWKTFSTSAP,ATSGDRADEQF,SLYNTVATLY,10X,0,0.095,0
ATSDTADQWKTFSTSAP,ATSGDRADEQF,YLLEMLWRL,10X,0,0.08,0
ATSDTADQWKTFSTSAP,ATSGDRADEQF,YLNDHLEPWI,10X,0,0.1125,0
ATSDTADQWKTFSTSAP,ATSGDRADEQF,KLGGALQAK,10X,0,0.8570751064849503,1
ATSDTADQWKTFSTSAP,ATSGDRADEQF,RIAAWMATY,10X,0,0.0558333333333333,0
ATSDTADQWKTFSTSAP,ATSGDRADEQF,RLRAEAQVK,10X,0,0.135,0
ATSDTADQWKTFSTSAP,ATSGDRADEQF,AVFDRKSDAK,10X,0,0.44828125,0
ATSDTADQWKTFSTSAP,ATSGDRADEQF,IVTDFSVIK,10X,0,0.3158928571428571,0
ATSDTADQWKTFSTSAP,ATSGDRADEQF,AYAQKIFKI,10X,0,0.0525,0
ATSDTADQWKTFSTSAP,ATSGDRADEQF,AYSSAGASI,10X,0,0.09,0
ATSDTADQWKTFSTSAP,ATSGDRADEQF,CYTWNQMNL,10X,0,0.0625,0
ATSDTADQWKTFSTSAP,ATSGDRADEQF,QYDPVAALF,10X,0,0.1327897727272727,0
ATSDTADQWKTFSTSAP,ATSGDRADEQF,GPAESAAGL,10X,0,0.0902314814814814,0
ATSDTADQWKTFSTSAP,ATSGDRADEQF,QPRAPIRPI,10X,0,0.045,0
ATSDTADQWKTFSTSAP,ATSGDRADEQF,RPHERNGFTVL,10X,0,0.1226818181818181,0
ATSDTADQWKTFSTSAP,ATSGDRADEQF,RPPIFIRRL,10X,0,0.0677272727272727,0
ATSDTADQWKTFSTSAP,ATSGDRADEQF,TPRVTGGGAM,10X,0,0.4185220006975122,0
ATSDTADQWKTFSTSAP,ATSGDRADEQF,AAKGRGAAL,10X,0,0.111672794117647,0
ATSDTADQWKTFSTSAP,ATSGDRADEQF,ELRRKMMYM,10X,0,0.08,0
ATSDTADQWKTFSTSAP,ATSGDRADEQF,FLRGRAYGL,10X,0,0.1278703703703703,0
ATSDTADQWKTFSTSAP,ATSGDRADEQF,RAKFKQLL,10X,0,0.4065530303030303,0
ATSDTADQWKTFSTSAP,ATSGDRADEQF,IPSINVHHY,10X,0,0.1401785714285714,0
RFF,RSIF,YVLDHLIVV,IEDB,1,0.9975,1
QYY,TQYF,YVLDHLIVV,IEDB,1,0.995,1
SVEFSSGGVI,SVESSGSYEQY,KLGGALQAK,10X,1,0.7675,1
SVEFSSGGVI,SVESSGSYEQY,SLEGGGLGY,10X,0,0.0675,0
SVEFSSGGVI,SVESSGSYEQY,STEGGGLAY,10X,0,0.0425,0
SVEFSSGGVI,SVESSGSYEQY,VTEHDTLLY,10X,0,0.1280765993265993,0
SVEFSSGGVI,SVESSGSYEQY,ALIAPVHAV,10X,0,0.0875,0
SVEFSSGGVI,SVESSGSYEQY,CLGGLLTMV,10X,0,0.1425,0
SVEFSSGGVI,SVESSGSYEQY,CLLGTYTQDV,10X,0,0.045,0
SVEFSSGGVI,SVESSGSYEQY,CLLWSFQTSA,10X,0,0.0775,0
SVEFSSGGVI,SVESSGSYEQY,ELAGIGILTV,10X,0,0.6099928160919541,1
SVEFSSGGVI,SVESSGSYEQY,FLASKIGRLV,10X,0,0.0877232142857143,0
SVEFSSGGVI,SVESSGSYEQY,FLYALALLL,10X,0,0.1353333333333333,0
SVEFSSGGVI,SVESSGSYEQY,GILGFVFTL,10X,0,0.5604189935064935,1
SVEFSSGGVI,SVESSGSYEQY,GLCTLVAML,10X,0,0.8872840601757944,1
SVEFSSGGVI,SVESSGSYEQY,ILKEPVHGV,10X,0,0.08,0
SVEFSSGGVI,SVESSGSYEQY,IMDQVPFSV,10X,0,0.1075,0
SVEFSSGGVI,SVESSGSYEQY,KLQCVDLHV,10X,0,0.0787587966220971,0
SVEFSSGGVI,SVESSGSYEQY,KTWGQYWQV,10X,0,0.065,0
SVEFSSGGVI,SVESSGSYEQY,KVAELVHFL,10X,0,0.0775,0
SVEFSSGGVI,SVESSGSYEQY,KVLEYVIKV,10X,0,0.0925,0
SVEFSSGGVI,SVESSGSYEQY,LLDFVRFMGV,10X,0,0.05,0
SVEFSSGGVI,SVESSGSYEQY,LLFGYPVYV,10X,0,0.0875,0
SVEFSSGGVI,SVESSGSYEQY,LLMGTLGIVC,10X,0,0.06,0
SVEFSSGGVI,SVESSGSYEQY,MLDLQPETT,10X,0,0.05,0
SVEFSSGGVI,SVESSGSYEQY,NLVPMVATV,10X,0,0.7651939484126983,1
SVEFSSGGVI,SVESSGSYEQY,RMFPNAPYL,10X,0,0.0525,0
SVEFSSGGVI,SVESSGSYEQY,RTLNAWVKV,10X,0,0.035,0
SVEFSSGGVI,SVESSGSYEQY,SLFNTVATL,10X,0,0.1005,0
SVEFSSGGVI,SVESSGSYEQY,SLFNTVATLY,10X,0,0.0725,0
SVEFSSGGVI,SVESSGSYEQY,SLLMWITQV,10X,0,0.1527232142857142,0
SVEFSSGGVI,SVESSGSYEQY,SLYNTVATLY,10X,0,0.095,0
SVEFSSGGVI,SVESSGSYEQY,YLLEMLWRL,10X,0,0.0725,0
SVEFSSGGVI,SVESSGSYEQY,YLNDHLEPWI,10X,0,0.0975,0
SVEFSSGGVI,SVESSGSYEQY,RIAAWMATY,10X,0,0.0525,0
SVEFSSGGVI,SVESSGSYEQY,RLRAEAQVK,10X,0,0.2075,0
SVEFSSGGVI,SVESSGSYEQY,AVFDRKSDAK,10X,0,0.54,1
SVEFSSGGVI,SVESSGSYEQY,IVTDFSVIK,10X,0,0.2054591836734693,0
SVEFSSGGVI,SVESSGSYEQY,AYAQKIFKI,10X,0,0.06,0
SVEFSSGGVI,SVESSGSYEQY,AYSSAGASI,10X,0,0.07,0
SVEFSSGGVI,SVESSGSYEQY,CYTWNQMNL,10X,0,0.0525,0
SVEFSSGGVI,SVESSGSYEQY,QYDPVAALF,10X,0,0.0825,0
SVEFSSGGVI,SVESSGSYEQY,GPAESAAGL,10X,0,0.0825,0
SVEFSSGGVI,SVESSGSYEQY,QPRAPIRPI,10X,0,0.0425,0
SVEFSSGGVI,SVESSGSYEQY,RPHERNGFTVL,10X,0,0.145,0
SVEFSSGGVI,SVESSGSYEQY,RPPIFIRRL,10X,0,0.07,0
SVEFSSGGVI,SVESSGSYEQY,TPRVTGGGAM,10X,0,0.4917857142857143,0
SVEFSSGGVI,SVESSGSYEQY,AAKGRGAAL,10X,0,0.07,0
SVEFSSGGVI,SVESSGSYEQY,ELRRKMMYM,10X,0,0.065,0
SVEFSSGGVI,SVESSGSYEQY,FLRGRAYGL,10X,0,0.1125,0
SVEFSSGGVI,SVESSGSYEQY,RAKFKQLL,10X,0,0.4458014025448236,0
SVEFSSGGVI,SVESSGSYEQY,IPSINVHHY,10X,0,0.07,0
SAIMGHMNLHSVELF,SARGAGMNTGELF,FLNGSCGSV,IEDB,1,0.900625,1
AWVSGTHVVT,SARDGTVNVYT,RYPLTFGW,IEDB,1,0.81,1
AENMGYGNKLV,AVNDYGQNFV,ELRRKMMYM,TBAdb,1,0.085,0
AEDKDSTLT,"ASREDSGANVLT, ASMERDSTDTQY",GLCTLVAML,IEDB,1,0.763650564798689,1
SICALLEPYF,SVCQALYNEQF,YVLDHLIVV,IEDB,1,0.95,1
AHKQFF,ALYNEQFF,YVLDHLIVV,IEDB,1,0.9925,1
ASRQDRWEKMGQNIRR,ASYGRDRENIQY,VLFGLGFAI,IEDB,1,0.8675,1
ANNCGF,SATLNWGF,LLWNGPMAV,VDJdb,1,0.965237608932462,1
DGAAS,SVDGRAEAF,KLTPLCVTL,IEDB,1,0.8091666666666667,1
DGAAS,SVDGRAEAF,KLVANNTRL,IEDB,1,0.7275,1
ASPVVDVS,"ASSFVVGDSYEQY, ASSHPVDSYNEQF",SLEGGGLGY,10X,0,0.047561475409836,0
ASPVVDVS,"ASSFVVGDSYEQY, ASSHPVDSYNEQF",STEGGGLAY,10X,0,0.060061475409836,0
ASPVVDVS,"ASSFVVGDSYEQY, ASSHPVDSYNEQF",VTEHDTLLY,10X,0,0.1496917489034605,0
ASPVVDVS,"ASSFVVGDSYEQY, ASSHPVDSYNEQF",ALIAPVHAV,10X,0,0.055,0
ASPVVDVS,"ASSFVVGDSYEQY, ASSHPVDSYNEQF",CLGGLLTMV,10X,0,0.07015625,0
ASPVVDVS,"ASSFVVGDSYEQY, ASSHPVDSYNEQF",CLLGTYTQDV,10X,0,0.0425,0
ASPVVDVS,"ASSFVVGDSYEQY, ASSHPVDSYNEQF",CLLWSFQTSA,10X,0,0.0425,0
ASPVVDVS,"ASSFVVGDSYEQY, ASSHPVDSYNEQF",ELAGIGILTV,10X,0,0.5816348198541867,1
ASPVVDVS,"ASSFVVGDSYEQY, ASSHPVDSYNEQF",FLASKIGRLV,10X,0,0.090381457891012,0
ASPVVDVS,"ASSFVVGDSYEQY, ASSHPVDSYNEQF",FLYALALLL,10X,0,0.0955555555555555,0
ASPVVDVS,"ASSFVVGDSYEQY, ASSHPVDSYNEQF",GILGFVFTL,10X,0,0.5859473417220794,1
ASPVVDVS,"ASSFVVGDSYEQY, ASSHPVDSYNEQF",GLCTLVAML,10X,0,0.7375412750773215,1
ASPVVDVS,"ASSFVVGDSYEQY, ASSHPVDSYNEQF",ILKEPVHGV,10X,0,0.0302400468384074,0
ASPVVDVS,"ASSFVVGDSYEQY, ASSHPVDSYNEQF",IMDQVPFSV,10X,0,0.0945794701234279,0
ASPVVDVS,"ASSFVVGDSYEQY, ASSHPVDSYNEQF",KLQCVDLHV,10X,0,0.0690327111899695,0
ASPVVDVS,"ASSFVVGDSYEQY, ASSHPVDSYNEQF",KTWGQYWQV,10X,0,0.0961429398148148,0
ASPVVDVS,"ASSFVVGDSYEQY, ASSHPVDSYNEQF",KVAELVHFL,10X,0,0.06,0
ASPVVDVS,"ASSFVVGDSYEQY, ASSHPVDSYNEQF",KVLEYVIKV,10X,0,0.1025,0
ASPVVDVS,"ASSFVVGDSYEQY, ASSHPVDSYNEQF",LLDFVRFMGV,10X,0,0.0425,0
ASPVVDVS,"ASSFVVGDSYEQY, ASSHPVDSYNEQF",LLFGYPVYV,10X,0,0.1124012991608532,0
ASPVVDVS,"ASSFVVGDSYEQY, ASSHPVDSYNEQF",LLMGTLGIVC,10X,0,0.065,0
ASPVVDVS,"ASSFVVGDSYEQY, ASSHPVDSYNEQF",MLDLQPETT,10X,0,0.0507686691036345,0
ASPVVDVS,"ASSFVVGDSYEQY, ASSHPVDSYNEQF",NLVPMVATV,10X,0,0.7833037040898089,1
ASPVVDVS,"ASSFVVGDSYEQY, ASSHPVDSYNEQF",RMFPNAPYL,10X,0,0.13,0
ASPVVDVS,"ASSFVVGDSYEQY, ASSHPVDSYNEQF",RTLNAWVKV,10X,0,0.08,0
ASPVVDVS,"ASSFVVGDSYEQY, ASSHPVDSYNEQF",SLFNTVATL,10X,0,0.0752958333333333,0
ASPVVDVS,"ASSFVVGDSYEQY, ASSHPVDSYNEQF",SLFNTVATLY,10X,0,0.0652958333333333,0
ASPVVDVS,"ASSFVVGDSYEQY, ASSHPVDSYNEQF",SLLMWITQV,10X,0,0.0576592356687898,0
ASPVVDVS,"ASSFVVGDSYEQY, ASSHPVDSYNEQF",SLYNTVATLY,10X,0,0.07,0
ASPVVDVS,"ASSFVVGDSYEQY, ASSHPVDSYNEQF",YLLEMLWRL,10X,0,0.0753571428571428,0
ASPVVDVS,"ASSFVVGDSYEQY, ASSHPVDSYNEQF",YLNDHLEPWI,10X,0,0.065,0
ASPVVDVS,"ASSFVVGDSYEQY, ASSHPVDSYNEQF",KLGGALQAK,10X,0,0.9195307526061528,1
ASPVVDVS,"ASSFVVGDSYEQY, ASSHPVDSYNEQF",RIAAWMATY,10X,0,0.055,0
ASPVVDVS,"ASSFVVGDSYEQY, ASSHPVDSYNEQF",RLRAEAQVK,10X,0,0.1408333333333333,0
ASPVVDVS,"ASSFVVGDSYEQY, ASSHPVDSYNEQF",AVFDRKSDAK,10X,0,0.5471968542166415,1
ASPVVDVS,"ASSFVVGDSYEQY, ASSHPVDSYNEQF",IVTDFSVIK,10X,0,0.2786963631606489,0
ASPVVDVS,"ASSFVVGDSYEQY, ASSHPVDSYNEQF",AYAQKIFKI,10X,0,0.0469444444444444,0
ASPVVDVS,"ASSFVVGDSYEQY, ASSHPVDSYNEQF",AYSSAGASI,10X,0,0.0675,0
ASPVVDVS,"ASSFVVGDSYEQY, ASSHPVDSYNEQF",CYTWNQMNL,10X,0,0.0475,0
ASPVVDVS,"ASSFVVGDSYEQY, ASSHPVDSYNEQF",QYDPVAALF,10X,0,0.05,0
ASPVVDVS,"ASSFVVGDSYEQY, ASSHPVDSYNEQF",GPAESAAGL,10X,0,0.0702314814814814,0
ASPVVDVS,"ASSFVVGDSYEQY, ASSHPVDSYNEQF",QPRAPIRPI,10X,0,0.0501162790697674,0
ASPVVDVS,"ASSFVVGDSYEQY, ASSHPVDSYNEQF",RPHERNGFTVL,10X,0,0.1110392720306513,0
ASPVVDVS,"ASSFVVGDSYEQY, ASSHPVDSYNEQF",RPPIFIRRL,10X,0,0.1008991073525957,0
ASPVVDVS,"ASSFVVGDSYEQY, ASSHPVDSYNEQF",TPRVTGGGAM,10X,0,0.4215817968697965,0
ASPVVDVS,"ASSFVVGDSYEQY, ASSHPVDSYNEQF",AAKGRGAAL,10X,0,0.049420731707317,0
ASPVVDVS,"ASSFVVGDSYEQY, ASSHPVDSYNEQF",ELRRKMMYM,10X,0,0.055951918595619,0
ASPVVDVS,"ASSFVVGDSYEQY, ASSHPVDSYNEQF",FLRGRAYGL,10X,0,0.0626449626776969,0
ASPVVDVS,"ASSFVVGDSYEQY, ASSHPVDSYNEQF",RAKFKQLL,10X,0,0.3948692298260416,0
ASPVVDVS,"ASSFVVGDSYEQY, ASSHPVDSYNEQF",IPSINVHHY,10X,0,0.0830164092664092,0
AGANTNAGKST,"ASMGGANTEA, ASGAAMNTEA",GILGFVFTL,McPAS,1,0.6957666666666666,1
DGTGS,SDGTGDGYT,KLTPLCVTL,IEDB,1,0.8091666666666667,1
DGTGS,SDGTGDGYT,KLVANNTRL,IEDB,1,0.7367134831460674,1
AFMTLRGNTGTASKLT,"SALDRGNTGELF, ASTREGNLTGEL",QIKVRVDMV,TBAdb,1,0.7625,1
GQRRRSIF,WHRSIF,YVLDHLIVV,IEDB,1,0.9875,1
AIRS,"ASSIGRSPQH, ASIDRSYEQY",SLEGGGLGY,10X,0,0.0153061224489795,0
AIRS,"ASSIGRSPQH, ASIDRSYEQY",STEGGGLAY,10X,0,0.0125,0
AIRS,"ASSIGRSPQH, ASIDRSYEQY",VTEHDTLLY,10X,0,0.0974111305361305,0
AIRS,"ASSIGRSPQH, ASIDRSYEQY",ALIAPVHAV,10X,0,0.02,0
AIRS,"ASSIGRSPQH, ASIDRSYEQY",CLGGLLTMV,10X,0,0.030625,0
AIRS,"ASSIGRSPQH, ASIDRSYEQY",CLLGTYTQDV,10X,0,0.0225,0
AIRS,"ASSIGRSPQH, ASIDRSYEQY",CLLWSFQTSA,10X,0,0.015,0
AIRS,"ASSIGRSPQH, ASIDRSYEQY",ELAGIGILTV,10X,0,0.4627064455472064,0
AIRS,"ASSIGRSPQH, ASIDRSYEQY",FLASKIGRLV,10X,0,0.0409722222222222,0
AIRS,"ASSIGRSPQH, ASIDRSYEQY",FLYALALLL,10X,0,0.0431388888888888,0
AIRS,"ASSIGRSPQH, ASIDRSYEQY",GILGFVFTL,10X,0,0.6144814253860742,1
AIRS,"ASSIGRSPQH, ASIDRSYEQY",GLCTLVAML,10X,0,0.7892538258038273,1
AIRS,"ASSIGRSPQH, ASIDRSYEQY",ILKEPVHGV,10X,0,0.025,0
AIRS,"ASSIGRSPQH, ASIDRSYEQY",IMDQVPFSV,10X,0,0.0469202344546381,0
AIRS,"ASSIGRSPQH, ASIDRSYEQY",KLQCVDLHV,10X,0,0.0238734755211796,0
AIRS,"ASSIGRSPQH, ASIDRSYEQY",KTWGQYWQV,10X,0,0.0110648148148148,0
AIRS,"ASSIGRSPQH, ASIDRSYEQY",KVAELVHFL,10X,0,0.05,0
AIRS,"ASSIGRSPQH, ASIDRSYEQY",KVLEYVIKV,10X,0,0.0175,0
AIRS,"ASSIGRSPQH, ASIDRSYEQY",LLDFVRFMGV,10X,0,0.02,0
AIRS,"ASSIGRSPQH, ASIDRSYEQY",LLFGYPVYV,10X,0,0.0679744525547445,0
AIRS,"ASSIGRSPQH, ASIDRSYEQY",LLMGTLGIVC,10X,0,0.01,0
AIRS,"ASSIGRSPQH, ASIDRSYEQY",MLDLQPETT,10X,0,0.0482557045401082,0
AIRS,"ASSIGRSPQH, ASIDRSYEQY",NLVPMVATV,10X,0,0.7520632368062538,1
AIRS,"ASSIGRSPQH, ASIDRSYEQY",RMFPNAPYL,10X,0,0.0352777777777777,0
AIRS,"ASSIGRSPQH, ASIDRSYEQY",RTLNAWVKV,10X,0,0.02,0
AIRS,"ASSIGRSPQH, ASIDRSYEQY",SLFNTVATL,10X,0,0.0513629783647835,0
AIRS,"ASSIGRSPQH, ASIDRSYEQY",SLFNTVATLY,10X,0,0.0253656430934656,0
AIRS,"ASSIGRSPQH, ASIDRSYEQY",SLLMWITQV,10X,0,0.0313061224489795,0
AIRS,"ASSIGRSPQH, ASIDRSYEQY",SLYNTVATLY,10X,0,0.0304569892473118,0
AIRS,"ASSIGRSPQH, ASIDRSYEQY",YLLEMLWRL,10X,0,0.025,0
AIRS,"ASSIGRSPQH, ASIDRSYEQY",YLNDHLEPWI,10X,0,0.0325,0
AIRS,"ASSIGRSPQH, ASIDRSYEQY",KLGGALQAK,10X,0,0.889042233850927,1
AIRS,"ASSIGRSPQH, ASIDRSYEQY",RIAAWMATY,10X,0,0.0411394557823129,0
AIRS,"ASSIGRSPQH, ASIDRSYEQY",RLRAEAQVK,10X,0,0.124047619047619,0
AIRS,"ASSIGRSPQH, ASIDRSYEQY",AVFDRKSDAK,10X,0,0.6111694087739483,1
AIRS,"ASSIGRSPQH, ASIDRSYEQY",IVTDFSVIK,10X,0,0.2033476789501225,0
AIRS,"ASSIGRSPQH, ASIDRSYEQY",AYAQKIFKI,10X,0,0.0369444444444444,0
AIRS,"ASSIGRSPQH, ASIDRSYEQY",AYSSAGASI,10X,0,0.0275,0
AIRS,"ASSIGRSPQH, ASIDRSYEQY",CYTWNQMNL,10X,0,0.015625,0
AIRS,"ASSIGRSPQH, ASIDRSYEQY",QYDPVAALF,10X,0,0.0405529306220095,0
AIRS,"ASSIGRSPQH, ASIDRSYEQY",GPAESAAGL,10X,0,0.0452314814814814,0
AIRS,"ASSIGRSPQH, ASIDRSYEQY",QPRAPIRPI,10X,0,0.025,0
AIRS,"ASSIGRSPQH, ASIDRSYEQY",RPHERNGFTVL,10X,0,0.1676818181818181,0
AIRS,"ASSIGRSPQH, ASIDRSYEQY",RPPIFIRRL,10X,0,0.0227272727272727,0
AIRS,"ASSIGRSPQH, ASIDRSYEQY",TPRVTGGGAM,10X,0,0.5340069108523057,1
AIRS,"ASSIGRSPQH, ASIDRSYEQY",AAKGRGAAL,10X,0,0.0525,0
AIRS,"ASSIGRSPQH, ASIDRSYEQY",ELRRKMMYM,10X,0,0.025,0
AIRS,"ASSIGRSPQH, ASIDRSYEQY",FLRGRAYGL,10X,0,0.0404240935222426,0
AIRS,"ASSIGRSPQH, ASIDRSYEQY",RAKFKQLL,10X,0,0.3553385156510157,0
AIRS,"ASSIGRSPQH, ASIDRSYEQY",IPSINVHHY,10X,0,0.0326785714285714,0
GSSS,SARGSSSEQF,DRFYKTLRA,IEDB,1,0.8394904076185558,1
HTF,VLTF,YVLDHLIVV,IEDB,1,0.995,1
IAQGAQKLV,SVGSQGANEKLV,GILGFVFTL,McPAS,1,0.730960281548517,1
ISAPAVPPAGKAF,SAPLAEAF,SLEGGGLGY,10X,0,0.06,0
ISAPAVPPAGKAF,SAPLAEAF,STEGGGLAY,10X,0,0.0625,0
ISAPAVPPAGKAF,SAPLAEAF,VTEHDTLLY,10X,0,0.1751666666666666,0
ISAPAVPPAGKAF,SAPLAEAF,ALIAPVHAV,10X,0,0.105,0
ISAPAVPPAGKAF,SAPLAEAF,CLGGLLTMV,10X,0,0.185,0
ISAPAVPPAGKAF,SAPLAEAF,CLLGTYTQDV,10X,0,0.0825,0
ISAPAVPPAGKAF,SAPLAEAF,CLLWSFQTSA,10X,0,0.09,0
ISAPAVPPAGKAF,SAPLAEAF,ELAGIGILTV,10X,0,0.52375,1
ISAPAVPPAGKAF,SAPLAEAF,FLASKIGRLV,10X,0,0.105,0
ISAPAVPPAGKAF,SAPLAEAF,FLYALALLL,10X,0,0.1303333333333333,0
ISAPAVPPAGKAF,SAPLAEAF,GILGFVFTL,10X,0,0.5931126373626373,1
ISAPAVPPAGKAF,SAPLAEAF,GLCTLVAML,10X,0,0.801826923076923,1
ISAPAVPPAGKAF,SAPLAEAF,ILKEPVHGV,10X,0,0.0675,0
ISAPAVPPAGKAF,SAPLAEAF,IMDQVPFSV,10X,0,0.1351146788990825,0
ISAPAVPPAGKAF,SAPLAEAF,KLQCVDLHV,10X,0,0.1226146788990825,0
ISAPAVPPAGKAF,SAPLAEAF,KTWGQYWQV,10X,0,0.100078125,0
ISAPAVPPAGKAF,SAPLAEAF,KVAELVHFL,10X,0,0.09,0
ISAPAVPPAGKAF,SAPLAEAF,KVLEYVIKV,10X,0,0.11,0
ISAPAVPPAGKAF,SAPLAEAF,LLDFVRFMGV,10X,0,0.1025,0
ISAPAVPPAGKAF,SAPLAEAF,LLFGYPVYV,10X,0,0.165,0
ISAPAVPPAGKAF,SAPLAEAF,LLMGTLGIVC,10X,0,0.0975,0
ISAPAVPPAGKAF,SAPLAEAF,MLDLQPETT,10X,0,0.1176146788990825,0
ISAPAVPPAGKAF,SAPLAEAF,NLVPMVATV,10X,0,0.73171875,1
ISAPAVPPAGKAF,SAPLAEAF,RMFPNAPYL,10X,0,0.1025,0
ISAPAVPPAGKAF,SAPLAEAF,RTLNAWVKV,10X,0,0.0975,0
ISAPAVPPAGKAF,SAPLAEAF,SLFNTVATL,10X,0,0.0852333333333333,0
ISAPAVPPAGKAF,SAPLAEAF,SLFNTVATLY,10X,0,0.0827333333333333,0
ISAPAVPPAGKAF,SAPLAEAF,SLLMWITQV,10X,0,0.135,0
ISAPAVPPAGKAF,SAPLAEAF,SLYNTVATLY,10X,0,0.08,0
ISAPAVPPAGKAF,SAPLAEAF,YLLEMLWRL,10X,0,0.12,0
ISAPAVPPAGKAF,SAPLAEAF,YLNDHLEPWI,10X,0,0.14,0
ISAPAVPPAGKAF,SAPLAEAF,KLGGALQAK,10X,0,0.8725,1
ISAPAVPPAGKAF,SAPLAEAF,RIAAWMATY,10X,0,0.08,0
ISAPAVPPAGKAF,SAPLAEAF,RLRAEAQVK,10X,0,0.2025,0
ISAPAVPPAGKAF,SAPLAEAF,AVFDRKSDAK,10X,0,0.4867794117647059,0
ISAPAVPPAGKAF,SAPLAEAF,IVTDFSVIK,10X,0,0.2653225806451613,0
ISAPAVPPAGKAF,SAPLAEAF,AYAQKIFKI,10X,0,0.0575,0
ISAPAVPPAGKAF,SAPLAEAF,AYSSAGASI,10X,0,0.0675,0
ISAPAVPPAGKAF,SAPLAEAF,CYTWNQMNL,10X,0,0.1125,0
ISAPAVPPAGKAF,SAPLAEAF,QYDPVAALF,10X,0,0.11,0
ISAPAVPPAGKAF,SAPLAEAF,GPAESAAGL,10X,0,0.09,0
ISAPAVPPAGKAF,SAPLAEAF,QPRAPIRPI,10X,0,0.085,0
ISAPAVPPAGKAF,SAPLAEAF,RPHERNGFTVL,10X,0,0.1375,0
ISAPAVPPAGKAF,SAPLAEAF,RPPIFIRRL,10X,0,0.19,0
ISAPAVPPAGKAF,SAPLAEAF,TPRVTGGGAM,10X,0,0.4806547619047619,0
ISAPAVPPAGKAF,SAPLAEAF,AAKGRGAAL,10X,0,0.14,0
ISAPAVPPAGKAF,SAPLAEAF,ELRRKMMYM,10X,0,0.085,0
ISAPAVPPAGKAF,SAPLAEAF,FLRGRAYGL,10X,0,0.1875,0
ISAPAVPPAGKAF,SAPLAEAF,RAKFKQLL,10X,0,0.29,0
ISAPAVPPAGKAF,SAPLAEAF,IPSINVHHY,10X,0,0.355,0
AT,CAIKT,YVLDHLIVV,IEDB,1,0.9975,1
KNPTA,SVKGTNTEA,TPRVTGGGAM,McPAS,1,0.5020089285714286,1
KRSQGQGH,RGQGID,ERYLKDQQL,IEDB,1,0.7729347826086956,1
AVTRNPGDSNYQLIW,"PAVNGDVESYEQY, AWSRPLGSNQPLH, AWSRPLGSNQPQL",GILGFVFTL,McPAS,1,0.6031428571428572,1
AIREDSVFF,SARDKDSFSEQF,VLFGLGFAI,IEDB,1,0.8375,1
AIREDSVFF,SARDKDSFSEQF,GILGFVFTL,McPAS,1,0.6158306277056277,1
AAANLPAVRSI,ASSAANPSIRTEAF,GLCTLVAML,IEDB,1,0.8146478106185003,1
QQPRPGTSGGKY,VSSRTSGNGDTKY,YVLDHLIVV,IEDB,1,0.9775,1
ASRQDRWEKMGQNIRR,ASSQDRWDVMSKNIQY,VLFGLGFAI,IEDB,1,0.8675,1
AENMGYGNKLV,ASSEGYGVNGSPLH,ELRRKMMYM,TBAdb,1,0.085,0
AFMTLRGNTGTASKLT,"ATSDLRGGK, ASSFGTGTSELTDTQY",QIKVRVDMV,TBAdb,1,0.7625,1
AKLTPY,SASLGTGGPEQY,YVLDHLIVV,IEDB,1,1.0,1
AMREGRRDDKII,SAREGRDSGNTIY,LPRRSGAAGA,IEDB,1,0.9275,1
ASIARVPSPGSC,"SARDLAGTPGSCF, AWSRPPGSNQPQH, ASTPPG",SFHSLHLLF,McPAS,1,0.86,1
ASPVVDVS,"ASRDVSYEQY, ASRPGGDVLT",SLEGGGLGY,10X,0,0.047561475409836,0
ASPVVDVS,"ASRDVSYEQY, ASRPGGDVLT",STEGGGLAY,10X,0,0.060061475409836,0
ASPVVDVS,"ASRDVSYEQY, ASRPGGDVLT",VTEHDTLLY,10X,0,0.1496917489034605,0
ASPVVDVS,"ASRDVSYEQY, ASRPGGDVLT",ALIAPVHAV,10X,0,0.055,0
ASPVVDVS,"ASRDVSYEQY, ASRPGGDVLT",CLGGLLTMV,10X,0,0.07015625,0
ASPVVDVS,"ASRDVSYEQY, ASRPGGDVLT",CLLGTYTQDV,10X,0,0.0425,0
ASPVVDVS,"ASRDVSYEQY, ASRPGGDVLT",CLLWSFQTSA,10X,0,0.0425,0
ASPVVDVS,"ASRDVSYEQY, ASRPGGDVLT",ELAGIGILTV,10X,0,0.5816348198541867,1
ASPVVDVS,"ASRDVSYEQY, ASRPGGDVLT",FLASKIGRLV,10X,0,0.090381457891012,0
ASPVVDVS,"ASRDVSYEQY, ASRPGGDVLT",FLYALALLL,10X,0,0.0955555555555555,0
ASPVVDVS,"ASRDVSYEQY, ASRPGGDVLT",GILGFVFTL,10X,0,0.5859473417220794,1
ASPVVDVS,"ASRDVSYEQY, ASRPGGDVLT",GLCTLVAML,10X,0,0.7375412750773215,1
ASPVVDVS,"ASRDVSYEQY, ASRPGGDVLT",ILKEPVHGV,10X,0,0.0302400468384074,0
ASPVVDVS,"ASRDVSYEQY, ASRPGGDVLT",IMDQVPFSV,10X,0,0.0945794701234279,0
ASPVVDVS,"ASRDVSYEQY, ASRPGGDVLT",KLQCVDLHV,10X,0,0.0690327111899695,0
ASPVVDVS,"ASRDVSYEQY, ASRPGGDVLT",KTWGQYWQV,10X,0,0.0961429398148148,0
ASPVVDVS,"ASRDVSYEQY, ASRPGGDVLT",KVAELVHFL,10X,0,0.06,0
ASPVVDVS,"ASRDVSYEQY, ASRPGGDVLT",KVLEYVIKV,10X,0,0.1025,0
ASPVVDVS,"ASRDVSYEQY, ASRPGGDVLT",LLDFVRFMGV,10X,0,0.0425,0
ASPVVDVS,"ASRDVSYEQY, ASRPGGDVLT",LLFGYPVYV,10X,0,0.1124012991608532,0
ASPVVDVS,"ASRDVSYEQY, ASRPGGDVLT",LLMGTLGIVC,10X,0,0.065,0
ASPVVDVS,"ASRDVSYEQY, ASRPGGDVLT",MLDLQPETT,10X,0,0.0507686691036345,0
ASPVVDVS,"ASRDVSYEQY, ASRPGGDVLT",NLVPMVATV,10X,0,0.7833037040898089,1
ASPVVDVS,"ASRDVSYEQY, ASRPGGDVLT",RMFPNAPYL,10X,0,0.13,0
ASPVVDVS,"ASRDVSYEQY, ASRPGGDVLT",RTLNAWVKV,10X,0,0.08,0
ASPVVDVS,"ASRDVSYEQY, ASRPGGDVLT",SLFNTVATL,10X,0,0.0752958333333333,0
ASPVVDVS,"ASRDVSYEQY, ASRPGGDVLT",SLFNTVATLY,10X,0,0.0652958333333333,0
ASPVVDVS,"ASRDVSYEQY, ASRPGGDVLT",SLLMWITQV,10X,0,0.0576592356687898,0
ASPVVDVS,"ASRDVSYEQY, ASRPGGDVLT",SLYNTVATLY,10X,0,0.07,0
ASPVVDVS,"ASRDVSYEQY, ASRPGGDVLT",YLLEMLWRL,10X,0,0.0753571428571428,0
ASPVVDVS,"ASRDVSYEQY, ASRPGGDVLT",YLNDHLEPWI,10X,0,0.065,0
ASPVVDVS,"ASRDVSYEQY, ASRPGGDVLT",KLGGALQAK,10X,0,0.9195307526061528,1
ASPVVDVS,"ASRDVSYEQY, ASRPGGDVLT",RIAAWMATY,10X,0,0.055,0
ASPVVDVS,"ASRDVSYEQY, ASRPGGDVLT",RLRAEAQVK,10X,0,0.1408333333333333,0
ASPVVDVS,"ASRDVSYEQY, ASRPGGDVLT",AVFDRKSDAK,10X,0,0.5471968542166415,1
ASPVVDVS,"ASRDVSYEQY, ASRPGGDVLT",IVTDFSVIK,10X,0,0.2786963631606489,0
ASPVVDVS,"ASRDVSYEQY, ASRPGGDVLT",AYAQKIFKI,10X,0,0.0469444444444444,0
ASPVVDVS,"ASRDVSYEQY, ASRPGGDVLT",AYSSAGASI,10X,0,0.0675,0
ASPVVDVS,"ASRDVSYEQY, ASRPGGDVLT",CYTWNQMNL,10X,0,0.0475,0
ASPVVDVS,"ASRDVSYEQY, ASRPGGDVLT",QYDPVAALF,10X,0,0.05,0
ASPVVDVS,"ASRDVSYEQY, ASRPGGDVLT",GPAESAAGL,10X,0,0.0702314814814814,0
ASPVVDVS,"ASRDVSYEQY, ASRPGGDVLT",QPRAPIRPI,10X,0,0.0501162790697674,0
ASPVVDVS,"ASRDVSYEQY, ASRPGGDVLT",RPHERNGFTVL,10X,0,0.1110392720306513,0
ASPVVDVS,"ASRDVSYEQY, ASRPGGDVLT",RPPIFIRRL,10X,0,0.1008991073525957,0
ASPVVDVS,"ASRDVSYEQY, ASRPGGDVLT",TPRVTGGGAM,10X,0,0.4215817968697965,0
ASPVVDVS,"ASRDVSYEQY, ASRPGGDVLT",AAKGRGAAL,10X,0,0.049420731707317,0
ASPVVDVS,"ASRDVSYEQY, ASRPGGDVLT",ELRRKMMYM,10X,0,0.055951918595619,0
ASPVVDVS,"ASRDVSYEQY, ASRPGGDVLT",FLRGRAYGL,10X,0,0.0626449626776969,0
ASPVVDVS,"ASRDVSYEQY, ASRPGGDVLT",RAKFKQLL,10X,0,0.3948692298260416,0
ASPVVDVS,"ASRDVSYEQY, ASRPGGDVLT",IPSINVHHY,10X,0,0.0830164092664092,0
ATRLDKAATGGSSRMKNCF,"SARATGSSYNEQF, SARDLAGGKNEQF",GILGFVFTL,IEDB,1,0.5411397058823529,1
QQCPTWVSSTQY,TSSQAPTSGETQY,YVLDHLIVV,IEDB,1,0.9775,1
AWGLPRR,AWGPGRGYEQY,SLEGGGLGY,10X,0,0.0228061224489795,0
AWGLPRR,AWGPGRGYEQY,STEGGGLAY,10X,0,0.0125,0
AWGLPRR,AWGPGRGYEQY,VTEHDTLLY,10X,0,0.11,0
AWGLPRR,AWGPGRGYEQY,ALIAPVHAV,10X,0,0.04,0
AWGLPRR,AWGPGRGYEQY,CLGGLLTMV,10X,0,0.0451363636363636,0
AWGLPRR,AWGPGRGYEQY,CLLGTYTQDV,10X,0,0.0175,0
AWGLPRR,AWGPGRGYEQY,CLLWSFQTSA,10X,0,0.04,0
AWGLPRR,AWGPGRGYEQY,ELAGIGILTV,10X,0,0.3891466312819972,0
AWGLPRR,AWGPGRGYEQY,FLASKIGRLV,10X,0,0.0327222222222222,0
AWGLPRR,AWGPGRGYEQY,FLYALALLL,10X,0,0.0581388888888888,0
AWGLPRR,AWGPGRGYEQY,GILGFVFTL,10X,0,0.7021976111200486,1
AWGLPRR,AWGPGRGYEQY,GLCTLVAML,10X,0,0.6878611954206256,1
AWGLPRR,AWGPGRGYEQY,ILKEPVHGV,10X,0,0.0351785714285714,0
AWGLPRR,AWGPGRGYEQY,IMDQVPFSV,10X,0,0.0779901174955738,0
AWGLPRR,AWGPGRGYEQY,KLQCVDLHV,10X,0,0.0301146788990825,0
AWGLPRR,AWGPGRGYEQY,KTWGQYWQV,10X,0,0.0275,0
AWGLPRR,AWGPGRGYEQY,KVAELVHFL,10X,0,0.025,0
AWGLPRR,AWGPGRGYEQY,KVLEYVIKV,10X,0,0.0475,0
AWGLPRR,AWGPGRGYEQY,LLDFVRFMGV,10X,0,0.055,0
AWGLPRR,AWGPGRGYEQY,LLFGYPVYV,10X,0,0.1008911192214111,0
AWGLPRR,AWGPGRGYEQY,LLMGTLGIVC,10X,0,0.0301363636363636,0
AWGLPRR,AWGPGRGYEQY,MLDLQPETT,10X,0,0.0376146788990825,0
AWGLPRR,AWGPGRGYEQY,NLVPMVATV,10X,0,0.7136395854567931,1
AWGLPRR,AWGPGRGYEQY,RMFPNAPYL,10X,0,0.0927777777777777,0
AWGLPRR,AWGPGRGYEQY,RTLNAWVKV,10X,0,0.03,0
AWGLPRR,AWGPGRGYEQY,SLFNTVATL,10X,0,0.055198976426799,0
AWGLPRR,AWGPGRGYEQY,SLFNTVATLY,10X,0,0.030198976426799,0
AWGLPRR,AWGPGRGYEQY,SLLMWITQV,10X,0,0.0353061224489795,0
AWGLPRR,AWGPGRGYEQY,SLYNTVATLY,10X,0,0.0505605928509154,0
AWGLPRR,AWGPGRGYEQY,YLLEMLWRL,10X,0,0.035,0
AWGLPRR,AWGPGRGYEQY,YLNDHLEPWI,10X,0,0.055,0
AWGLPRR,AWGPGRGYEQY,KLGGALQAK,10X,0,0.8838336176726753,1
AWGLPRR,AWGPGRGYEQY,RIAAWMATY,10X,0,0.0403061224489795,0
AWGLPRR,AWGPGRGYEQY,RLRAEAQVK,10X,0,0.0725,0
AWGLPRR,AWGPGRGYEQY,AVFDRKSDAK,10X,0,0.4851589035964035,0
AWGLPRR,AWGPGRGYEQY,IVTDFSVIK,10X,0,0.200709709180786,0
AWGLPRR,AWGPGRGYEQY,AYAQKIFKI,10X,0,0.1,0
AWGLPRR,AWGPGRGYEQY,AYSSAGASI,10X,0,0.05,0
AWGLPRR,AWGPGRGYEQY,CYTWNQMNL,10X,0,0.03,0
AWGLPRR,AWGPGRGYEQY,QYDPVAALF,10X,0,0.0352272727272727,0
AWGLPRR,AWGPGRGYEQY,GPAESAAGL,10X,0,0.0277314814814814,0
AWGLPRR,AWGPGRGYEQY,QPRAPIRPI,10X,0,0.015,0
AWGLPRR,AWGPGRGYEQY,RPHERNGFTVL,10X,0,0.1405266457680251,0
AWGLPRR,AWGPGRGYEQY,RPPIFIRRL,10X,0,0.0675,0
AWGLPRR,AWGPGRGYEQY,TPRVTGGGAM,10X,0,0.5149318609022556,1
AWGLPRR,AWGPGRGYEQY,AAKGRGAAL,10X,0,0.0475,0
AWGLPRR,AWGPGRGYEQY,ELRRKMMYM,10X,0,0.0325,0
AWGLPRR,AWGPGRGYEQY,FLRGRAYGL,10X,0,0.0447664246209922,0
AWGLPRR,AWGPGRGYEQY,RAKFKQLL,10X,0,0.4323201754385964,0
AWGLPRR,AWGPGRGYEQY,IPSINVHHY,10X,0,0.0753378378378378,0
AWRCYWF,AWRVTYPGELF,FVDGVPFVV,IEDB,1,0.94875,1
AAEDDTGGFKTI,SARDGTGNGYTIY,GILGFVFTL,McPAS,1,0.6891666666666666,1
ETGKT,SARDGETGKETQY,ERYLKDQQL,IEDB,1,0.7877777777777777,1
ISAPAVPPAGKAF,SALGPWVSRKAF,SLEGGGLGY,10X,0,0.06,0
ISAPAVPPAGKAF,SALGPWVSRKAF,STEGGGLAY,10X,0,0.0625,0
ISAPAVPPAGKAF,SALGPWVSRKAF,VTEHDTLLY,10X,0,0.1751666666666666,0
ISAPAVPPAGKAF,SALGPWVSRKAF,ALIAPVHAV,10X,0,0.105,0
ISAPAVPPAGKAF,SALGPWVSRKAF,CLGGLLTMV,10X,0,0.185,0
ISAPAVPPAGKAF,SALGPWVSRKAF,CLLGTYTQDV,10X,0,0.0825,0
ISAPAVPPAGKAF,SALGPWVSRKAF,CLLWSFQTSA,10X,0,0.09,0
ISAPAVPPAGKAF,SALGPWVSRKAF,ELAGIGILTV,10X,0,0.52375,1
ISAPAVPPAGKAF,SALGPWVSRKAF,FLASKIGRLV,10X,0,0.105,0
ISAPAVPPAGKAF,SALGPWVSRKAF,FLYALALLL,10X,0,0.1303333333333333,0
ISAPAVPPAGKAF,SALGPWVSRKAF,GILGFVFTL,10X,0,0.5931126373626373,1
ISAPAVPPAGKAF,SALGPWVSRKAF,GLCTLVAML,10X,0,0.801826923076923,1
ISAPAVPPAGKAF,SALGPWVSRKAF,ILKEPVHGV,10X,0,0.0675,0
ISAPAVPPAGKAF,SALGPWVSRKAF,IMDQVPFSV,10X,0,0.1351146788990825,0
ISAPAVPPAGKAF,SALGPWVSRKAF,KLQCVDLHV,10X,0,0.1226146788990825,0
ISAPAVPPAGKAF,SALGPWVSRKAF,KTWGQYWQV,10X,0,0.100078125,0
ISAPAVPPAGKAF,SALGPWVSRKAF,KVAELVHFL,10X,0,0.09,0
ISAPAVPPAGKAF,SALGPWVSRKAF,KVLEYVIKV,10X,0,0.11,0
ISAPAVPPAGKAF,SALGPWVSRKAF,LLDFVRFMGV,10X,0,0.1025,0
ISAPAVPPAGKAF,SALGPWVSRKAF,LLFGYPVYV,10X,0,0.165,0
ISAPAVPPAGKAF,SALGPWVSRKAF,LLMGTLGIVC,10X,0,0.0975,0
ISAPAVPPAGKAF,SALGPWVSRKAF,MLDLQPETT,10X,0,0.1176146788990825,0
ISAPAVPPAGKAF,SALGPWVSRKAF,NLVPMVATV,10X,0,0.73171875,1
ISAPAVPPAGKAF,SALGPWVSRKAF,RMFPNAPYL,10X,0,0.1025,0
ISAPAVPPAGKAF,SALGPWVSRKAF,RTLNAWVKV,10X,0,0.0975,0
ISAPAVPPAGKAF,SALGPWVSRKAF,SLFNTVATL,10X,0,0.0852333333333333,0
ISAPAVPPAGKAF,SALGPWVSRKAF,SLFNTVATLY,10X,0,0.0827333333333333,0
ISAPAVPPAGKAF,SALGPWVSRKAF,SLLMWITQV,10X,0,0.135,0
ISAPAVPPAGKAF,SALGPWVSRKAF,SLYNTVATLY,10X,0,0.08,0
ISAPAVPPAGKAF,SALGPWVSRKAF,YLLEMLWRL,10X,0,0.12,0
ISAPAVPPAGKAF,SALGPWVSRKAF,YLNDHLEPWI,10X,0,0.14,0
ISAPAVPPAGKAF,SALGPWVSRKAF,KLGGALQAK,10X,0,0.8725,1
ISAPAVPPAGKAF,SALGPWVSRKAF,RIAAWMATY,10X,0,0.08,0
ISAPAVPPAGKAF,SALGPWVSRKAF,RLRAEAQVK,10X,0,0.2025,0
ISAPAVPPAGKAF,SALGPWVSRKAF,AVFDRKSDAK,10X,0,0.4867794117647059,0
ISAPAVPPAGKAF,SALGPWVSRKAF,IVTDFSVIK,10X,0,0.2653225806451613,0
ISAPAVPPAGKAF,SALGPWVSRKAF,AYAQKIFKI,10X,0,0.0575,0
ISAPAVPPAGKAF,SALGPWVSRKAF,AYSSAGASI,10X,0,0.0675,0
ISAPAVPPAGKAF,SALGPWVSRKAF,CYTWNQMNL,10X,0,0.1125,0
ISAPAVPPAGKAF,SALGPWVSRKAF,QYDPVAALF,10X,0,0.11,0
ISAPAVPPAGKAF,SALGPWVSRKAF,GPAESAAGL,10X,0,0.09,0
ISAPAVPPAGKAF,SALGPWVSRKAF,QPRAPIRPI,10X,0,0.085,0
ISAPAVPPAGKAF,SALGPWVSRKAF,RPHERNGFTVL,10X,0,0.1375,0
ISAPAVPPAGKAF,SALGPWVSRKAF,RPPIFIRRL,10X,0,0.19,0
ISAPAVPPAGKAF,SALGPWVSRKAF,TPRVTGGGAM,10X,0,0.4806547619047619,0
ISAPAVPPAGKAF,SALGPWVSRKAF,AAKGRGAAL,10X,0,0.14,0
ISAPAVPPAGKAF,SALGPWVSRKAF,ELRRKMMYM,10X,0,0.085,0
ISAPAVPPAGKAF,SALGPWVSRKAF,FLRGRAYGL,10X,0,0.1875,0
ISAPAVPPAGKAF,SALGPWVSRKAF,RAKFKQLL,10X,0,0.29,0
ISAPAVPPAGKAF,SALGPWVSRKAF,IPSINVHHY,10X,0,0.355,0
PGQGPP,SVEPPGQGPGEF,ERYLKDQQL,IEDB,1,0.7714316239316239,1
AWRPEPGQEEFNAY,SARPGQTYEQY,VTEHDTLLY,VDJdb,1,0.0882142857142857,0
AWRPEPGQEEFNAY,SARPGQTYEQY,TPRVTGGGAM,IEDB,1,0.5520833333333333,1
AWRPEPGQEEFNAY,SARPGQTYEQY,LPRRSGAAGA,IEDB,1,0.94,1
